"lat","long","distance"
47.8833,16.25,308265.364041453
48.25,16.0667,331945.621436751
48.7833,15.4,360318.502625127
47.7192,13.4828,214255.777747019
47.8833,16.45,318307.729100546
46.9333,16.0167,213476.272456971
47.7333,16.4,303713.079207306
48.1,13.8167,257326.661964549
48.35,13.65,284429.972369185
46.85,15.7333,194414.01120188
47.7,15.8667,274126.220864938
47.3667,16.1167,258772.092860507
47.1333,16.2667,242508.017440135
48.2264,16.4569,347333.007502006
48.2333,15.15,296900.164950805
48.2508,16.3028,342357.060158054
48.4667,15.7,338209.895566561
48.1167,15.8167,309246.361525543
48.5667,15.7167,348599.612340676
47.2667,11.3833,207092.982594763
48.1789,16.2817,335073.144804882
48.1364,16.2831,331427.589802712
48.7,13.95,324656.323071479
48.4167,15.6167,330398.446403924
47.7333,16.2167,294192.167522087
47.45,16.2167,270528.499987985
47.2333,16.3167,253858.040147227
47.0167,16.4,237970.514699981
47.1,15.7,216806.167602341
48.75,15.95,374695.242354395
47.2167,15.6333,222240.916429412
48.1833,15.0667,289301.7593697
48.3,15.8333,327100.546815554
48.2,15.7667,315042.092883077
48.7167,16.1833,380119.33770061
48.0167,13.25,248332.88377687
48.35,14.4167,291742.345396385
48.2,13.2167,268858.169808509
47.6,13.1667,202488.291318781
48.1664,16.3125,335399.929234179
48.25,13.0333,275075.502378669
48.25,15.3333,304363.356618146
48.4,14.8333,305529.201213046
48.25,15.2,300136.765127548
48.1,15.7667,305654.588620393
48.7667,16.55,399510.224171191
48.6333,16.8333,400037.381920486
48.4167,16.55,368165.020783914
47.4167,16.4333,275756.349890936
47.8333,14.15,231399.320989
48.1333,13.85,261225.847529491
48.2097,16.2214,335060.221312269
48.65,15.6,352996.200609045
46.9167,15.3333,182535.730302171
47.95,16.85,342591.023456791
46.8667,15.9,202455.820197804
48.7167,16.5833,396365.238529526
48.1,14.9833,278335.390662246
47.7333,16.2,293342.590967004
47.1667,16.0167,235662.912340967
47.5333,16.4833,288726.47124268
48.4333,13.65,293689.491088616
48.1667,14.1333,267635.654199293
47.2167,16.0833,242994.2818785
47.15,11.85,181577.322401459
47.2167,14.8333,185244.678399523
48.1333,16.2,327340.066606828
47.9833,15,266971.683858363
48.2167,15.15,295219.908331087
48.5667,16.3667,373539.378236766
48.7167,15.8667,368516.706515229
48.4667,16.15,355351.315220001
46.9833,15.9167,214206.172934559
47.5167,16.2,276099.684392239
47.25,16.15,248739.451461929
47.05,16.4167,241673.835856212
48.1333,13.0833,261943.552217498
48,12.95,247755.698836461
48.7311,13.8325,327401.681366311
47.6833,15.9333,275914.617663827
48.2,16.1833,332498.684917664
48.0167,16.3,321934.98156884
48.05,16.1333,316975.763458075
47.9,16.55,324812.474242256
48.1167,13.8,259081.696636321
48.5167,14.5,311196.430037151
48.05,14.4167,259344.597569717
48.15,15.15,288488.953280937
48.2333,14.85,288456.252974492
48.1333,13,262263.490908035
48.3167,14.4667,289002.377038534
47.9,13,236381.580491905
47.5667,12.15,212849.157451442
48.5167,15.7833,346044.149315791
47.8,14.9167,245858.961795844
48.1333,14.8833,278936.346097032
48.3,15.4667,313754.21578031
48.3167,15.5833,319427.202280116
48.6,15.55,346388.330370892
47.7,12.1667,226355.869988173
47.35,11.7167,205754.119381963
48.2,14.3833,274935.226884496
48.2319,16.2928,340237.189215088
47.7,16,280592.139054828
48.4167,15.5667,328683.414359574
48.0833,14.9333,275176.026766271
47.6167,16.3833,292834.833074149
48.05,13.15,252537.27285577
48.0667,14.05,255664.996236417
48.2,15.35,299920.788108048
47.7833,13.05,223191.959487245
47.3667,15.6833,237021.104192335
47.8,15.7,275304.027261669
48.0167,15.5833,290524.392394966
48.5167,15.4833,335907.983314738
47.8,15.9833,288267.354485698
48.6667,15.6667,356823.593670563
48.9333,15.2333,371274.181152422
48.25,16.0167,329839.349602887
48.4333,16.4167,363645.102305577
47.95,14.9,260558.519549248
48.55,16.7667,389735.000021495
47.0667,15.6167,209649.679350939
48,15.1667,273939.141671815
46.9833,16.15,223735.075595166
47.4333,16.2833,271411.499158321
48.5167,14.3,308131.646011943
47.9167,13.8,236911.452966141
48.5167,13.5,302892.968642805
48.1833,12.9667,267978.960806779
48.05,14.3167,257566.709876865
48.3667,13.6833,286363.620753229
47.6428,13.2039,207214.413499963
47.1333,10.5667,226369.093711035
48.2,15.6167,309310.251195893
48.1667,15.9833,320802.173921437
48.5,16.2333,361852.787263174
47.7833,15.9167,283677.0242216
47.8167,16.25,302723.716140168
47.2167,9.65,280583.039865321
47.3833,11.75,207600.467577259
47.1333,13.8667,151008.070281253
47.1667,14.65,173677.918852339
48,16.05,308775.912140338
48.1667,15.4833,301225.482033842
48.2,13.1,269310.190069747
48.0833,12.9333,257089.963975022
48.3167,14.2833,286055.868499184
48.0167,13.1833,248797.433639862
47.8,13.4833,223236.02356903
48.7167,16.1333,378209.7755454
48.5333,15.9333,353143.693149483
47.7333,16.3333,300207.961335639
48.5667,14.0333,310582.810579793
48.2,12.8833,270349.837785064
47.85,14.6667,243740.366692235
48.4,16.3,355556.13061349
48.6167,13.9,315096.786967343
48,13.3667,245815.914063882
48,13.6167,245463.98919715
48.1667,12.85,266916.241798776
48.8667,15.1333,361809.438201475
46.8167,12.7833,118981.073860199
46.8167,12.8,118707.750858667
48.95,15.0333,368222.393906254
48.3833,15.9333,338878.748688396
48.95,15.05,368601.399166806
47.4833,9.76667,295384.884406613
48.0167,13.1333,248864.141827829
48.3833,13.8833,289134.425920471
48.45,14.6833,307495.242834153
47.45,13.2,185780.517843227
48.1833,14.7,279540.337439983
46.7333,15.1167,156507.26643971
47.3333,9.73333,285046.632720272
47.9667,15.55,284487.181201736
47.4,14.8333,203086.866462037
47.4,15.8833,250031.553362411
47.4,11.8167,206679.980673173
47.7167,16.3333,298885.52095226
48.2333,13.0167,273287.913074023
48.3167,14.1833,284704.231547605
47.5667,12.6833,202281.039188968
47.8333,14.2667,233253.911984247
48.5833,14.5667,319557.008811761
47.1667,13.1,154535.088547266
48.7333,15.25,350959.320706672
47.6,15.6833,256817.399114895
48.7667,14.9833,347710.021587253
47.3167,9.98333,270677.84234121
47.2833,12.8167,169599.46988667
47.2833,12.3833,177237.296160328
47.4,16.4167,273517.094009297
47.1417,13.1206,151676.25173808
48.4333,15.1167,316345.988165266
48.4333,14.3,299019.406389134
47.5667,14.45,208599.289241528
47.25,12.5667,169685.330986319
48.35,14.5333,293810.474949923
48.7167,15.2167,348339.391470014
47.65,15.8333,268243.354455808
47.1167,10,253745.197936541
48.0167,13.2833,248111.343471486
47.9,15.9667,296174.209925085
47.7,13.3167,212813.148738238
47.8,15.75,277513.520145826
47.4,13.4,179078.178972483
47.9,13.1833,235822.311603658
47.4167,13.35,181216.537433193
47.4267,13.4239,181932.99215682
47.2894,12.6914,171845.497693528
47.6667,16.0333,279458.383519192
48.4833,16.1833,358251.236459087
48.7667,15.2833,355318.700648683
48.5667,14.65,319318.526159792
47.0722,13.7494,143071.85210968
47.4333,12.7667,186644.869856257
46.75,12.4333,120897.358165878
48.5,15.75,343230.264024295
48.5333,14.8,318860.820847573
48.4833,14.7333,312097.675276809
47.7167,13.2,215432.274998591
47.3833,13.45,177016.230505354
47.4167,13.6333,180668.669943357
47.7,13.65,212191.250724322
47.8167,15.3,260585.312118467
47.3167,14.05,173629.389760791
47.3833,11.8,205689.90587002
46.9333,12.5667,135918.418285614
47.3167,13.1,171185.962346377
47.6,13.7667,201612.964903745
48.4167,15.2167,317539.328839492
46.9,12.6333,130854.341601258
47.3336,13.2969,172426.868007005
47.3833,13.6833,177135.135957321
47.3833,13.1333,178472.314375405
47.7667,13.3656,219930.623404847
47.5333,11.7,223911.007855027
47.25,12.2667,176849.001770201
46.85,12.85,121614.390800135
46.7167,15.7667,182921.020569918
47,15.9333,216446.533264114
47.4167,15.2667,221692.160408599
47.5833,13.5333,199086.82063905
48.1167,15.8833,312004.6360519
47.1667,13.2333,154286.37110657
48.15,13.1167,263714.388105104
47.1333,13.6833,149396.567812412
47.5167,13.4333,191889.93034272
47.1136,13.7408,147581.832889396
47.0833,13.8,144760.625101046
47.3833,13.4167,177146.448923742
47.3333,11.1833,220145.646100795
47.0797,13.6947,143516.983411991
46.9167,12.3333,140899.140437019
47.1833,14.1833,161825.84425868
47.4,13.1167,180376.726429765
47.2167,13,160692.701309169
47.1,13.5,145403.372389547
51.2,7.5,221521.50295048
49.05,9.75,438588.63054564
48.65,12.1667,327995.817741268
51.9167,13.6167,198348.845284629
49.4167,10.7667,442117.354506356
49.2667,8.75,387057.677621404
49.5167,9.01667,387226.266117802
49.5333,8.56667,358958.396019637
50.6667,7.43333,228829.248053333
49.25,11.2333,411927.771597639
48.1,10.15,332280.152456822
48.25,12.7,277324.195096238
48.6333,11.4333,342777.491344245
51,9.65,273825.165435024
49.8333,10.75,417435.959819785
50.2167,11.0833,379899.553056769
50.2,9.96667,365559.736998555
49.0167,8.5,390559.020670716
48.9833,9.36667,441969.534668834
47.9833,7.81667,401414.443267379
49.7167,11.3833,438964.100651428
51.15,7.06667,191806.48147995
52.5167,7.13333,81129.5828355926
49.0333,8.46667,387510.739416819
49.1833,8.81667,396542.860316284
48.7,8.13333,396180.602791587
47.9667,11.65,268460.092748711
50.7,7.16667,209816.175652307
49.9167,11,411333.27661508
50.5,8.01667,273974.712941453
50.8333,8.76667,281501.546163719
49.2167,8.51667,377088.136413058
49.4667,8.61667,366149.973304516
50.55,8.98333,314170.69244324
49.1,8,357454.71372881
50.0667,10.6,390220.24495497
50.3,10.0167,355844.547176907
50.4333,10.3,347285.505632951
48.7833,10.6833,382121.279296656
49.6,8.65,359874.896836278
54.0833,10.7833,462.35884729424
52.4333,10.5167,131806.494846865
50.8833,6.1,132181.831925035
50.6833,6.48333,165789.56256994
49.6833,8.93333,372479.191437382
51.65,9.45,200615.582223477
50.05,7.81667,282576.317965308
50.1333,8.71667,335614.98553906
48.6667,7.93333,389207.441961807
47.8333,11.9167,246849.399354499
49.1333,12.7333,374718.964735429
48.7,9.7,406574.603918189
49.0333,9.15,426001.318368094
48.0167,7.68333,407009.453342344
47.9833,7.95,399674.178521737
49.0333,11.9667,372870.802351095
49.7,8.63333,352935.421545956
49.7167,8.68333,355058.885103702
50.05,8.23333,308229.452087706
48.1833,10.75,319533.716313528
52.6,7.86667,84783.1812538073
51.7667,6.26667,136267.142152013
49.9167,8.48333,331501.719793414
51.1333,9.01667,250011.832698133
50.2333,7.58333,258081.229139151
49.2333,9.38333,426755.495728798
49.8833,10.1833,403678.500974803
47.5167,10.2833,273127.952732131
48.3833,10.5,347542.629878849
48.0833,10.2,328743.981963959
51.1167,6.15,128688.132818532
52.0833,8.75,142823.550286424
50.3,8.56667,318473.205645426
49.2333,9.16667,413771.211167966
49.4333,9.75,437544.030943672
49.1833,8.68333,388887.814688285
48.9667,8.3,383548.996459058
48.95,8.53333,397331.508344458
47.9667,7.71667,401058.532531794
49.65,9.95,424561.372762655
48.15,10.25,333203.205648606
49.2333,9.33333,423744.47649939
48.9,9.18333,437116.820213562
48.9333,8.95,421563.984998063
49.2167,8.63333,383725.163282725
49.3833,8.8,382364.962937455
49.4833,8.66667,368075.97205399
48.3167,11.35,313206.768074421
48.5667,12.7333,312076.961097921
48.35,13.35,284741.60688201
49.0667,11.45,387332.71010327
52.8667,9.03333,65150.4468714878
52.3333,9.2,123291.958149336
50.9833,6.93333,185424.645575148
52.3167,7.88333,113276.482970866
49.6833,8.61667,352885.60643504
49.7,8.65,353961.868019691
49.65,8.65,356887.34773943
50.5167,9.11667,318935.433463172
49.85,8.7,348722.388195292
50.7333,9.66667,302731.401483982
51.2167,9.6,249719.963996053
50.7667,8.81667,289130.032596208
49.9333,7.28333,257748.679837233
49.75,6.65,237094.146936661
49.75,6.66667,237923.636978747
49.8,6.83333,242514.035073911
49.9,10.9,411850.206341342
50.05,11.6667,408697.288213392
48.6,10.5167,368819.666427761
51.4667,7.36667,198227.979371573
51.3333,9.28333,231467.590206622
49,8.81667,409316.802755849
47.6,7.63333,362692.774947444
48.1167,11.55,286726.230564121
48.1667,11.4833,293878.887333989
53.65,10.8167,35109.8624957226
51.5333,9.93333,223474.137152896
51.45,6.26667,135878.634361473
52.7833,9.21667,79814.9929355101
51.6333,7.38333,179803.925049651
49.8667,8.76667,352043.109446655
50.2333,8.88333,342186.594882293
50.0833,8.45,320765.805671705
49.8,9.93333,408048.732799947
50.1333,10.5667,382563.695070482
48.6167,9.85,392957.890885604
48.6167,10.25,378947.2162995
48.6833,10.1667,388312.605912065
48.65,9.46667,411126.163592638
49.2,8.65,385830.265827769
49.0833,8.58333,390301.103421413
49.2333,8.76667,390267.795599536
48.2833,12.15,288742.163830839
48.4667,12.7333,301010.450147592
48.5833,13.3667,310588.930334961
48.4833,12.2667,308286.89291363
49.8,10.9333,423220.034010836
49.7,10.7667,432278.295185539
50.1,11,391337.411885639
48.8333,11.2167,369483.302518548
49.5833,10.5167,442586.76984634
50.2,9.83333,363130.712979456
50.1833,9.98333,367667.664608545
50.15,10.4333,379588.952254743
49.7,10.0833,421452.176407096
50.1,10.1667,380229.810310878
48.25,10.3667,338707.972532691
51.6167,13.15,241135.611626611
51.9667,7.63333,145321.544514777
51.9167,8.38333,160602.815355307
50.4167,8.98333,328925.576496833
49.8667,8.56667,339433.902541615
49.8667,8.93333,362607.354133713
50.95,9.65,279171.595236373
50.9667,9.31667,271825.783972276
50.1333,8.45,318327.389365833
49.0833,8.2,369341.626125184
52.8,10.3833,90593.7041662221
51.8833,10.1667,185888.376671548
51.2,7.06667,191312.172359632
51.15,7.1,194126.250307314
51.25,7.11667,194466.012141004
50.7667,6.08333,136312.759715492
49.15,9.21667,422122.817848757
48.7,9.66667,407851.837541455
49.0333,8.76667,404135.799951695
48.9333,9.63333,431396.322000898
49.0833,8.48333,384756.007487083
48.9667,8.31667,384434.243003264
49.55,8.68333,364933.88400798
49.35,9,396405.913954143
49.4167,9.28333,409508.980630089
47.7667,9,358199.717958954
47.7667,8.83333,367293.184633189
48.8667,8.2,386110.385352074
48.4833,9.21667,406851.905431856
48.4667,11.1333,335326.557922945
47.9333,11.9,257629.908344248
48.0833,12.0333,269926.195429666
48.1167,12.1167,271604.594562937
48.0667,12.2333,263875.51229592
48.7833,13.45,332602.892413146
48.9167,11.6833,366058.517426885
50.1667,11.0333,384563.092048192
50.1167,11.0167,389759.464265619
49.2833,10.6833,431286.269420415
49.55,10.2333,440351.78095715
49.7833,9.41667,397759.631831469
48.2333,10.1833,343702.939003125
49.45,9.8,439767.132754083
48.5833,9.45,405682.579753729
49.2167,9,404988.386177902
48.05,11.9667,268030.160102269
48.1833,10.9833,312504.562799952
48,12.6333,250441.351630516
48.55,11.3,338229.709391696
48.8167,12.15,346344.265159071
48.4333,12.9333,295884.837162612
48.6333,13.1833,317060.764072607
49.05,11.4667,385174.129005438
51.9667,7.01667,142706.610391528
51.3167,7.33333,209375.913775894
49.9167,8.65,342023.018591834
50.3333,8.75,329288.89700835
50.5167,8.81667,316874.652645266
50,8.71667,341995.436521702
50.0833,8.51667,325043.96918371
50.4,8.21667,291213.774390634
51.9833,9.78333,173288.08441441
52.6,10.1167,106534.261605872
50.7333,7.08333,203037.431285445
53.6833,10.5667,37703.8638854894
53.6333,9.6,2342.6545642236
52.9167,8.81667,53379.0455112649
52.9667,11.15,106393.98510818
53.15,10.85,80714.0267015105
52.0667,8,141996.916996898
52.3333,8.43333,114139.102950242
51.9167,10.3167,183782.03258492
52.0167,10.5333,176270.380927573
51.3,6.73333,167560.84586817
50.7333,7.13333,206377.386470823
48.7167,9.21667,427700.002867257
49.1,8.96667,410868.399349006
48.9333,9.3,441495.611161732
49.4667,10.0333,445784.852080021
48.55,9.38333,405474.974290873
49.2167,9.41667,429801.576759267
49.0333,8.7,400401.839122807
49.3833,9.13333,402371.247814228
48.8333,8.5,404399.476649905
49.3167,8.86667,390603.864277844
49.2,8.85,397341.458901218
49.75,9.31667,393069.048279951
48.05,10.8833,301900.062368391
47.6833,11.5667,243362.924791245
48.4667,11.9333,312799.446150611
48.25,12.5,279479.810395713
48.0667,11.3833,287320.112569176
48.0333,12.3,259021.654885023
47.7667,11.1667,264497.215746627
48.8333,12.9667,340110.352641639
48.8167,12.8,339201.389073339
48.45,13.1833,296766.577121028
48.6833,11.7167,340637.394767579
48.45,12.35,303392.868487
49.1167,11.45,392575.665256751
49.2833,12.8167,390788.836830053
49.7,11.6333,445330.972341569
49.0667,12.1,374284.247945452
49.7167,11.0667,434085.498317995
49.75,11.1333,431396.805603454
48.9,11.1833,377261.761327169
49.15,10.6667,418571.544828287
49.2,10.1667,440161.740915201
49.0833,11.2167,395113.165048126
49.55,10.7167,448296.909328381
49.2833,10.2667,445512.508454624
49.3667,11.1,427535.358272085
49.7333,10.1667,419417.20018233
50.25,10.2,365028.789293571
50.1667,10.8333,381806.810609254
50.0333,10.8333,396421.450352558
50.2,9.61667,359650.509587784
49.9667,10.6833,402059.425101426
50.0167,10.6667,396385.21438036
49.8167,9.63333,401689.086502139
50.4,10.35,351313.970974715
50.4167,10.3833,349711.636052721
48.2833,10.7,331173.722710338
48.6333,10.8167,362767.738978644
48.8333,10.9167,378884.021310057
48.4833,10.3667,361834.510514302
47.6667,10.1,294749.344656959
48.5667,10.6833,360421.01008923
47.5833,9.61667,311211.446351153
51.75,14.15,207833.961262598
52.2833,14.0667,150525.56642871
52.4667,13.6833,139874.918402426
52.9667,12.9833,111846.23012152
50.9167,6.35,147575.772892536
50.9667,6.11667,130264.468103855
51.85,6.7,158667.906397127
51.6833,8.6,186475.378820054
51.3667,7.61667,210979.183531068
51.5833,7.85,190207.866468332
49.6,8.46667,348808.764734345
49.9167,9,364322.418456281
50.2333,8.86667,341084.431675303
50.4667,8.9,322857.088153518
51.05,9.28333,262278.755353033
50.7667,9.8,301703.538164346
50.9333,9.68333,281603.921743545
51.2167,9.83333,254935.756608913
51.3333,9.16667,229775.843209619
50.1833,9.18333,356323.690330651
50.0167,8.43333,323075.219391129
50.1,8.4,316735.010818755
49.9833,7.96667,295602.736375132
50,7.98333,295696.280092134
50.2167,8.26667,302526.274970824
50.5833,7.23333,218862.748258758
50.4667,7.48333,240257.716021385
49.7333,6.68333,240096.081893856
49.2,8.11667,356104.855201611
49.3333,11.0167,426366.593824978
47.7333,10.3167,291270.268888073
49.2167,7.56667,325895.60696559
48.65,9.86667,395540.206106922
49,9.13333,427315.579329183
49.15,9.61667,446034.211006501
48.4167,9.78333,376599.543769234
49.15,8.76667,395951.202860711
49.25,9.1,408734.12902208
48.8333,8.26667,392192.666039363
48.2333,12.6833,275630.027069889
48.1333,12.5833,265660.284666901
48.1833,11.25,303442.001981109
47.95,12.9333,242325.69125204
48.5833,12.1833,320494.222341803
48.7,12.0333,335742.349419234
49.2167,12.6667,384455.255812238
49.3833,12.15,408074.917770964
49.1667,11.45,397827.280929729
52.8667,8.5,54683.342440517
51.8333,9.78333,189976.506283411
52.8667,9.6,76385.6758697202
52.9333,11.2667,108929.357248419
53.0667,9.73333,53022.1440733486
53.0833,8.93333,41902.4363500661
51.5833,6.25,136131.970128625
52.2,7.8,123274.468756281
49.7333,8.63333,351017.369879588
49.5667,8.93333,379163.77088643
50.5167,8.91667,317414.272053935
50.75,9.71667,301861.533618203
51.2833,9.63333,243352.259038296
51.1,9.96667,270379.197129362
50.1667,8.68333,331921.410895262
50.15,9.01667,354522.771596802
49.9833,6.88333,231691.192447333
49.7833,10.7,422424.785128509
49.9667,11.3833,411998.164297474
50.1667,11.1167,385851.808414603
50.1,10.9,389963.409045035
50.05,10.2333,386948.512566809
49.9333,9.08333,368861.979348983
50.3333,10,351955.225640464
50.0667,9.8,376974.944283841
50.0333,10.5,393019.778139319
50.0167,10.6,395733.195563335
49.85,9.6,397604.902883846
49.95,10.0833,394586.667950795
48.75,11.0167,367308.060659357
48.75,11.1833,362029.599992375
52.8333,12.9833,124145.404013331
51.8333,7.3,157255.635853602
52.25,7.6,114061.140535745
51.6,6.91667,182349.980593472
51.7,7.15,171948.306596601
51.3833,7.7,210006.119585341
51.5667,8.33333,199674.115975397
51.55,8,196415.766753456
50.75,9.46667,297598.967730527
50.3667,8.73333,326881.362098517
50.6833,8.83333,298468.659532329
51.3,9.46667,238212.244222456
50.8167,8.78333,283419.345245122
51.15,10,266062.167949978
50.9167,9.8,285753.571232642
50.7167,9.7,305123.351247839
50.9,8.96667,275331.826901428
50.6833,8.3,286865.723464166
50.1667,8.98333,351606.63590559
50.15,8.4,314301.56621059
49.55,7.4,291394.294936582
48.9833,9.58333,438043.15083484
49.2,9.98333,445889.907082619
48.5667,9.63333,396626.579095287
49.15,9.36667,431024.066800024
49.2,9.65,444974.345958073
49.4167,8.68333,373304.527117886
49.1833,8.98333,406220.547548699
48.4333,11.35,324903.036406313
47.7667,12.1833,232983.80141571
48.45,11.35,326586.09170602
47.9167,11.1833,279431.906997912
54.4,9.93333,7480.31171011599
52.85,9.18333,72556.4509007942
52.6,9.6,105673.915897731
51.9833,9.81667,173271.413018731
52.0167,10.1333,170875.685627624
51.95,9.73333,177071.070339327
51.6333,10.4667,216703.712396034
52.9333,11.0833,107666.412721669
51.4167,6.98333,185246.254957675
49.3167,12.75,394905.021231428
50.2167,10.9833,378383.3361378
50.1,11.1667,393885.121347387
49.1667,10.3333,431856.862454507
50.0167,9.26667,375476.699835705
49.8167,10.35,414215.508872254
50.1667,10,369766.177129685
49.7167,10.2167,422159.472460409
48.4333,10.8833,341052.822232182
48.8667,10.7333,388434.143414201
48.3,10.15,351359.724121345
51.9833,14.3,180794.728509042
51.8333,14.15,198661.745707839
53,13.1667,101875.324582655
54.1333,10.6167,12622.2787502849
53.7667,9.75,15642.0674587992
52.85,8.73333,58582.8957794232
52.4,9.6,127754.772311625
52.8667,10.9333,105305.36205224
52.2333,11,165653.104956912
53.0333,8.85,42892.2646445975
51.25,6.98333,185165.891404527
50.7,7.03333,200959.001106619
52.2167,7.01667,114994.505565515
50.2667,9.1,346396.535105008
49.6667,9,377567.752414306
50.4667,8.65,317607.772816864
51.1333,9.4,254993.333458174
51.15,9.56667,256172.55314433
50.9833,10.0167,283758.374807827
51.35,9.86667,241944.519639337
50.05,8.3,312896.933867446
50.1,8.95,352357.969473293
50.2167,7.98333,284293.032886097
50.7833,7.73333,245343.15493825
49.75,7.3,271313.802284651
50.2,7.86667,277705.915584214
48.6,8.86667,433117.543648815
49.1167,10.0333,435954.461486643
49.5333,9.85,435670.229812585
49.2833,8.73333,384979.077141063
49.4667,9.21667,402460.160948751
47.75,11.45,254179.945312697
48.0167,11.0333,293977.564065425
48,12.7333,249428.514203879
48.7167,12.3667,332299.934201394
48.85,12.7667,343127.468565999
49.2667,11.3333,411142.133805489
49.9167,12.3833,437011.870534279
50.2667,10.9667,372697.03209472
49.9,11.55,422293.194881884
49.7,10.8167,432816.424304111
50.2333,11.3667,383053.586196961
49.7833,11.4167,432353.972295712
50.2167,11.9667,398236.515609228
49.45,11.0833,436602.403614339
49.5,10.8,449592.186474254
49.5167,11,445716.753628377
49.9667,10.6667,401891.187337215
50,10.6167,397732.469892959
50.1667,10.5333,378574.684379181
50.0667,9.46667,372183.604161842
49.8833,10.0333,400815.017616228
48.7833,10.8333,376784.757485656
52.45,13.2833,153143.839559558
53.2167,14.3833,44658.8869615939
52.2167,14.1167,157028.876141315
51.9833,13.3667,197779.158359668
53.15,12.8833,99664.6772876938
49.1333,10.1833,432915.022619359
49.2333,10.0667,446587.822500403
48.7167,9.41667,419338.331442275
49.0833,9.15,422624.96865507
49.0167,9.33333,437784.514551308
49.55,9.16667,394538.865133775
49.4667,8.98333,388186.339664579
48.95,8.58333,400049.727641526
48.7833,12.8667,335069.511839318
48.8167,11.7667,353610.511665681
48.75,12.2167,338053.651517579
48.5333,13.7333,305026.085515814
48.75,13.5167,328821.997975762
49.45,11.8667,419622.05543178
49.4833,11.9833,421365.375631493
49.2167,12.7667,383718.996929858
48.85,11.65,359770.849208551
48.9,11.6167,365819.772578556
49.2,12.2667,386501.893772116
53.5833,9.76667,1382.55831416996
52.1,9.31667,150365.841104397
52.7167,9.13333,82909.9359837024
52.4333,9.26667,114986.843394315
51.8833,9.63333,181039.709987341
52.9,10.9667,104276.5126673
53.1,11.05,93495.2998696615
53.0667,10.5833,72972.8565674475
52.3167,8.36667,116256.814644844
52.3,10.4333,144081.687946448
52.7833,8.41667,64233.2916531714
51.05,7.3,209435.337992545
51.8333,8.93333,172143.624648756
52.3333,8.75,115232.691285145
50.9833,8.11667,259460.579558385
50.9333,8.41667,269869.9038011
51.4167,7.53333,204749.645476925
50.6167,9.11667,307906.031614674
50.65,9.26667,305826.726940523
50.6,8.78333,307477.853278875
50.0667,8.8,344130.235851866
51.0667,8.8,255761.277567506
51.6,9.6,209307.134020346
50.95,8.7,268279.209248031
50.9667,8.68333,266368.760615109
51.05,9.06667,259678.913154602
51.1667,9.13333,247586.873865205
51.3333,8.96667,227493.11390927
50.8833,9.35,281384.819129617
50.1333,9.41667,364276.352766722
50.2,8.58333,323891.505125888
50.1667,8.06667,292106.683998769
50.5667,8.5,304074.378961794
50.15,7.73333,271909.50373247
50.9333,6.21667,138080.942668144
51.9833,8.51667,152985.491543505
52.3,8.91667,120977.94149118
51.5833,9.3,204751.772096531
50.9167,8.45,271675.337848799
51.2833,7.3,207119.622083295
49.5833,8.98333,381274.778194635
50.4,8.66667,321161.080284387
50.6667,8.73333,299872.649102628
51.1333,9.28333,253201.321816529
51,9.41667,269695.187127406
50.5833,9.88333,322937.926921885
50.55,9.58333,321116.260832633
50.5167,9.73333,327235.929347509
51.0667,9.71667,268078.88047929
50.95,9.86667,283689.556970344
51.05,9.86667,273172.069516662
51.1333,9.13333,251249.893316076
50.8333,9.25,285532.353200574
50.8833,9.25,280056.506117549
50.9167,9.25,276400.535708697
50.15,8.73333,335940.849750104
50.0833,8.56667,328260.133878397
50.7333,8.35,288873.086893805
50.3,8.26667,298743.685645817
50.5167,8.26667,290060.235930695
50.0333,7.95,291778.96281337
49.8167,7.13333,257351.964592733
50.2667,7.98333,281865.27049287
49.7333,8.31667,331616.755543094
48.4,9.98333,367205.108280399
48.75,10.1167,396592.226402905
49.4333,10.1,450521.24475544
49.4,9.81667,443586.446017205
49.0167,9.9,430231.785944951
48.5833,10.0333,383046.325696685
49.6333,9.41667,405598.285735123
49.5833,9.16667,392645.284326734
49.3,8.73333,383868.257276859
49.3,9.28333,416576.38837965
47.8833,12.0167,249327.298121256
48.6,11.6833,332694.490372047
49.15,12.65,377224.18520866
49.4333,12.35,411160.844538657
49.1667,11.7167,391939.889630776
49.1,12.4833,373102.96759744
49.5667,11.7167,434842.904134668
49.3667,12.5333,402091.564423478
50,12.0833,423730.492304563
49.85,11,418618.683397249
49.85,10.5,413279.371674978
50.0167,11.1833,403179.807854492
50.0167,11.7167,413310.674628026
49.7667,10.9,426457.941309915
50.1,11.65,403033.627087035
50.1167,11.6167,400547.874737888
49.4,10.5167,448300.859686143
49.3667,10.4833,446109.752598274
49.3333,10.8,432675.841871149
49.3667,11.2167,424498.958983763
49.4,11.4,423567.688763631
49.3833,10.3333,452852.473607937
49.55,10.4167,443992.249926633
50.1833,10.3333,375082.435311932
50.25,9.73333,356036.910188322
50.1167,9.9,373284.644992384
49.9833,9.96667,388845.103990187
48.1333,10.5833,319817.676217268
48.4833,10.6667,352418.51861627
52.3667,14.5333,137122.047834676
53.25,10.8833,77186.5901512328
53.5,10.4833,43466.3270995157
53.7333,9.88333,19397.3198715618
54.1667,10.4167,24317.5658469025
53.9333,10.3,32077.7930912103
53.45,9.98333,14468.4605020632
52.3,9.8,138038.045400344
52.6667,9.25,91780.557282137
52.3,10.3167,142032.112458335
52.4667,9.88333,119560.592734653
52.5333,9.75,112167.181297837
52.5,10.7167,130429.062345248
52.5,10.5833,126606.741039643
53.3667,10.3,36796.4307173189
53.2333,9.66667,35563.5858413526
53.1333,11.1833,87766.5452516566
53.1,11.1,92617.0088128342
53.1167,9.41667,52391.8730717818
53.2,9.2,49620.9785461149
53.6,9.48333,4557.49018267953
52.4167,7.98333,106391.353580907
52.5167,7.68333,87473.9971263629
52.6667,7.95,80910.358229657
52.3167,7.23333,103338.700395829
52.6667,7.48333,67220.4267318154
52.7,7.3,61065.1325442596
52.3333,8.26667,115157.852307463
51.9,9.85,182551.815231013
51.9833,10.2667,175886.094409289
52.3167,11.0167,158071.637961055
52.1833,10.9333,168567.786182132
51.8833,10.55,190898.117581125
52.7333,8.28333,71090.8492380026
49.95,12.25,433241.777038229
49.9833,12.45,428433.262397344
49.3833,12.7167,402506.844300397
50.3167,11.9167,386574.646024505
49.9167,11.3833,417382.633641728
49.9333,11.2833,413855.550621773
50.0333,11.3,403341.691740673
50.15,11.1333,387927.826488527
49.25,10.8333,423248.53554334
50.1667,10.0833,371410.633230345
50.1167,10.7833,386676.192400385
49.95,10.6,403089.470883781
50.2167,10.6333,374026.079817758
50.0833,10.5667,388078.986661897
50.3,10.5667,364185.522853622
50,9.41667,378903.651547952
49.8667,9.5,394511.780051872
49.8333,9.46667,397781.405894891
49.7,10.0167,420276.688529726
48.45,10.2167,363564.513628113
47.9333,10.8333,291714.38413142
51.7833,14.3167,202829.033485935
53.0333,14,74189.6547283939
52.75,14.2667,96867.010265936
52.5167,12.7167,163613.743992723
52.9167,13.7167,93925.7604344467
52.9833,13.35,97340.1959747083
52.65,12.6167,154865.217511571
52.8167,12.7833,133181.876003208
49.4667,9.58333,425227.283696898
49.1,8.85,404172.146254718
47.9,8.5,386002.775169046
47.7333,7.95,372271.371191375
48.75,11.4333,354801.713586513
47.8667,12.65,235603.380658297
47.7167,11.4167,252306.400044739
48.5167,11.7667,321914.626634772
47.4833,11.1,237908.471156354
48.05,11.1,295502.650088061
49.3,12.9167,392137.16647064
48.4,13,291864.833297676
48.75,13.8,329349.250448995
49.1167,12.3167,376755.290055826
49.4667,11.6,426348.35253737
52.2333,7.38333,113305.04224436
52.0333,7.83333,141601.55623667
52.15,8.8,135907.822003106
51.4,7.91667,211119.805175633
51.3667,8.38333,221740.232804871
51.0167,7.98333,253755.102807059
50.75,9.26667,294862.609802643
49.7833,8.98333,369638.845278127
49.65,8.93333,374354.652336522
50.3167,8.85,336603.658058105
50.6,8.96667,308518.135861285
50.6167,9.38333,310934.985551646
50.6833,9.56667,306407.980238154
51.0167,9.05,263181.406224372
51.2167,9.38333,245701.953061556
50.9667,9.51667,274948.03484952
50.7333,9.75,304285.615910867
51.1667,9.66667,256415.948167868
51.0167,9.93333,278236.047736589
51.3,9.03333,231827.166417507
51.15,9.05,248502.245312599
51.25,8.95,236529.936860792
51.1833,9.81667,258027.017544576
51.2667,9.96667,253166.107192882
51,9.06667,265184.428191803
50.3333,8.35,302782.370390587
50.4333,8.36667,299856.619308219
50.3333,9.51667,343691.858237161
53.8333,10.7167,18365.5533709141
54.4833,9.05,2490.48764106945
54.2833,9.16667,13789.4894886468
54.0833,9.65,32685.8969459418
54.5167,9.56667,18128.2765453182
53.6167,10.4167,39569.3179716535
52.1,10.1667,161990.499933298
51.8333,9.45,181364.692878442
52.5833,9.75,106608.158277224
52.95,11.1,107367.631038535
52.9333,11.1167,109405.610784691
52.9667,10.4667,76917.2838808816
53.0833,10.5833,71633.6676636687
52.95,10.8333,93974.8214694273
53.2667,8.6,11998.9780475035
52.5,7.3,83212.1444778184
53.1167,7.95,36890.9215165231
53.0833,8.81667,37014.1582288072
51.5167,6.31667,140338.962907243
51.1167,7.4,215402.414445856
49.5333,11.6833,431867.008649158
50.15,11.0667,386883.811789866
50.05,11.15,399037.305716722
50.0833,11.2333,396796.381760229
49.3833,10.1833,457371.822157686
49.1167,10.5,421021.627714932
49.0667,10.5667,413801.428060989
49.5833,11.2,447556.318530288
49.0333,10.8667,400432.843664114
50.1667,10.1667,373138.457788668
50.2833,9.91667,355679.559522525
49.8,10.1,411000.532232172
49.7,9.25,391478.817807786
49.9,10.05,399326.575834921
47.8833,10.6167,293962.594607088
48.1667,10.1167,339891.341061167
53.95,10.25,34578.6747475348
54.8,8.81667,8898.62466840886
52.75,8.83333,71172.61840337
52.9167,11.35,110306.367550856
53.1167,11.2,89369.3284600137
53.0167,10.6833,81624.1926861127
53.15,7.93333,34220.4197342061
48.8,10.2667,396811.599039639
49,9.76667,433112.814699883
48.6,10.1333,381193.079591457
48.9333,9.26667,439575.218172421
49.6667,9.51667,410156.445986238
48.0667,8.53333,404391.952431184
48.0167,10.9667,295958.899118857
48.0833,10.8167,307359.842404081
48.6167,11.5667,337419.832926817
48.8833,12.6,348128.014693672
48.9,11.8333,361078.974095948
49.25,12.9833,386327.105468903
49.6333,11.7833,440855.295542363
49.5167,12.4667,419225.799421722
53.6833,11.6333,27370.6283925209
51.85,6.61667,154302.206567907
52.4333,8.38333,103233.184320556
51.7333,8.71667,181371.719752025
51.3333,7.86667,217606.986983306
50.5333,9.4,320269.426596282
51.2167,8.98333,240504.098661181
51.0333,8.81667,259557.343407045
51.1667,8.9,245327.80336184
50.9667,8.86667,267238.701818561
50.9333,9.55,279127.565839929
50.8667,9.76667,290373.657020891
51.4167,9.53333,227092.252903771
51.45,9.48333,222521.052306593
50.6167,9.9,319718.780182561
51.1333,9.55,257641.038613404
51.0333,9.9,275705.007091693
51.2,9.71667,253976.814447195
50.1333,8.91667,348684.39068756
50.9167,8.53333,271657.035055321
50.9167,8.48333,271653.651660001
50.8833,8.56667,275398.443473438
50.2167,9.03333,351415.409174314
50.4667,8.58333,313123.191169931
49.95,12.2833,434131.588969275
49.95,12.4667,431538.073497155
49.8,12.3,450080.92760412
49.5667,12.3833,425513.292882442
49.9,11.5833,422949.449215489
50.25,11.4,381910.06113282
50.1,11.3833,397666.707396545
49.0667,10.3167,422151.602637531
49.2,10.65,424078.094027848
48.9333,10.7667,393811.829409378
49.1333,11.0833,403983.931816752
49.5833,10.6,443568.165734419
49.5,10.4167,449322.220361786
50.2,10.0667,367522.465554441
50.0833,10.7667,390147.544938863
50.1,9.8,373370.299396055
50.3333,10.35,358696.813972142
50.0167,10.2833,391556.866011754
49.8167,9.98333,407099.793872324
48.45,10.2667,361847.581698404
48.85,10.5,394691.900762559
47.9,10.7167,292161.362894012
48.0667,10.2833,323960.687383164
48.9833,10.5167,407494.388399757
52.4333,12.5,178112.984665309
52.8,13.9667,98146.0163153941
52.2,13.2,180976.554817335
52.6167,12.8833,148326.482695947
52.9667,12.0833,112518.200538221
53.7167,13.15,46412.3411541139
53.2833,11.55,69591.0078655221
51.2167,7.85,230091.640005317
49.9667,8.93333,357560.789668532
50.5667,9.45,317305.081634177
51.2,9.9,258320.619639448
50.9,9.75,286488.175783477
50.8667,9.7,289047.729081216
51.55,9.53333,212999.745191722
51.45,9.41667,221205.866852706
50.9667,8.71667,266483.272884599
51.1667,8.83333,244868.792473931
51.1333,8.8,248374.649653325
50.5667,8.28333,289429.205244498
49.65,7.16667,271452.844438341
49.45,7.76667,318631.343156498
49.3,9.96667,456418.017585626
48.75,8.86667,430394.651785177
49.2,9.58333,440919.939573689
48.8,9.68333,416746.834862977
48.5167,9.85,383409.912078786
48.8,9.51667,423117.623455454
48.4,11.75,310102.334578219
48.1833,12.4333,273100.97507345
47.8333,11.15,271798.898702606
49.0833,12.8833,368245.091900346
49.4667,11.8333,421995.962431864
49.3,11.8,404616.318676591
49.0333,11.4833,383018.693821902
49.3833,12.4833,404353.107171823
49.4333,12.4833,409872.725390904
54.3667,10.1833,971.324337844638
53.9167,9.51667,12442.9002751155
52.0833,9.56667,158977.256911464
51.5333,9.95,223516.22782011
52.2167,10.1667,149148.846789611
53.0333,10.8833,90222.8078080008
52.9667,11.4,104601.364835482
53.35,10.6667,59494.9399206733
53.2333,10.2833,45760.9996274687
53.0167,10.2833,65913.7290746485
53.15,8.93333,36819.6354207214
52.55,7.95,92495.3806027831
52.2,8.35,129291.647845951
50.9833,7.4,217585.1598436
50.7667,6.31667,151238.952755891
54,13.7667,1667.70107448237
48.6333,10.0167,388511.008244591
48.8,9.06667,437687.46674562
49.25,8.73333,387211.115720721
49.3833,8.88333,387327.247265546
49.45,9.16667,400377.154470223
48.2,8.71667,407263.660218846
47.7833,12,239370.221092382
47.45,11.2667,229285.12571588
48.2,10.9333,315649.267506794
47.9667,10.9667,290887.550081218
48.35,12.45,291078.203825071
47.8167,12.6833,229730.828673022
47.7333,11.2833,257717.018610353
48.6333,12.5,321548.01453271
48.8333,13.2333,338927.964655977
48.85,13.3333,340330.951244222
48.5667,13.5833,308437.607504423
49.6167,11.8167,438496.457275087
49.8,11.65,434967.155140472
49.75,11.7333,442000.336749434
50.3167,10.9833,367501.061294577
50.3167,12.0167,389175.688344646
49.2833,10.7833,428142.599818825
49.0167,11.1167,391108.172909924
51.9333,13.8667,191624.1041799
52.4667,12.85,163968.618075037
50.6667,8.96667,301136.296007952
51.5,9.6,219769.517893124
51.1333,9.41667,255268.646648761
51.2833,8.86667,232182.339350488
50.6167,8.35,292297.75582992
49.9667,6.53333,213954.474307889
49.25,7.35,312341.93951177
54.1667,10.05,18545.9260298103
52.6,8.83333,87206.1443860808
53.2333,10.1167,39387.2596918463
53.0833,9.85,50908.031255449
52.0333,10.5,173885.111035272
54.1167,10.1667,23176.9168281435
52.7833,8.71667,65526.7026542196
52.7833,9,72074.5539877405
51.5333,9.61667,216671.010253927
52.7333,10.2333,93997.2754594142
53.0333,9.9,56688.3381559384
53.6167,9.31667,12943.3080491247
53.4,8.86667,23982.5386747152
52.9,7.3,39041.231666093
53.35,7.18333,1630.16187634964
53.25,7.7,23006.9721298172
53.25,7.58333,15609.445466348
53.5833,7.9,11714.0467614241
49.9833,11.6167,414736.748421299
50.25,11.3333,380629.251234308
50.45,11.2667,357922.758245466
50.2,11.7833,395482.315914683
50.1667,11.5,392800.614533404
49.45,10.9667,439747.328903774
49.15,10.8833,411627.444671184
50.0667,9.35,370829.683305261
50.2,10.7667,377342.196513175
48.4,10.6,346074.673457303
48.8167,10.9833,375043.744278652
48.4333,10.4167,355217.544845479
49.5,9.81667,438090.497407567
48.7833,9.8,410842.46014725
49.4,8.73333,377339.296942599
49.5167,9.43333,413038.269488157
49.3667,8.95,392360.707499458
48.55,8.73333,435246.0356398
47.9833,8.8,385717.849101036
48.0833,11.8167,275425.277946489
48.4333,11.6667,315732.979094184
48.6167,11.4667,340133.70569489
47.9833,12.1333,257059.15678878
48.9333,11.8667,363975.075954676
49.5333,11.8,429764.457079165
49.3167,12.3,398899.459735969
49.5167,12.4167,419681.054032576
51.85,7.55,157095.414277998
50.9167,8.36667,271234.140530391
50.7,9.1,298565.120447998
50.1167,8.91667,349425.783484075
50.55,9.66667,322486.220096431
51.2167,9.96667,258309.697242312
50.8833,8.91667,276808.122597045
51.05,9.71667,269851.079298608
51.3833,9.15,224093.647473117
50.7667,9.4,294799.606254371
50.1667,7.55,259567.41972803
49.75,6.7,239590.992930212
51.7333,7.66667,171247.327896099
50.9667,8.5,266087.635324775
50.8,8.33333,283049.105921362
50.45,9.3,328161.220453476
50.1667,8.31667,308127.838530402
50.3,7.3,236773.054378472
50.3333,11.1167,367810.443946159
49.9667,10.8833,404335.903556132
49.9333,10.85,407586.923578938
49.8167,10.8667,420574.7733679
49.95,11.1667,410151.634273755
50.25,11.5,383925.00847483
49.7667,11.55,436579.591741146
49.0333,10.9667,397290.752782775
49.0167,10.35,416081.510946473
49.55,11.0333,448280.757817958
49.6333,10.2333,431416.41775912
50,9.2,373253.031212917
50.05,10.7167,393246.595743574
50.0667,9.65,374651.418250172
49.7833,9.18333,382846.13957975
49.5,9.93333,440563.428616362
49.6833,9.91667,420410.748302976
47.5667,10.7,260224.569028666
47.7,10.35,286803.605101686
47.5667,10.2167,280588.149794743
51.4333,13.2167,258333.569239886
52.1167,12.3833,208603.003568679
52.2833,14.0833,150268.432012156
52.1,13.1833,191748.389560261
52.75,12.5833,146987.719054556
53.8667,12.4,31807.4791666613
54.1667,10.5667,17367.7799547477
53.6667,10.6167,37580.7883340441
51.9667,9.61667,172145.248523291
52.8167,9.93333,80896.6087468808
52.6333,7.93333,83672.7961219205
53.2833,8.16667,14152.9416967397
52.65,8.11667,82984.7486609174
50.95,7.53333,227476.090484192
49.1167,10.0833,434365.694678372
49.4833,9.9,441863.083403179
49.5333,9.31667,404818.329735424
47.6333,13,206813.684652051
47.85,12.8167,232161.107306285
47.9333,11.4667,271305.805721298
48.9167,13.3833,347581.231571327
49.6333,11.55,445156.803664221
49.5833,12.3667,427505.530330774
49.9667,11.3333,411108.162699887
50.0167,10.9333,399509.74154397
49.3833,11.3667,422579.604566457
48.8167,10.65,386560.026940809
47.55,10.1,284564.000125955
52.7333,14.2167,99467.6209432101
48.6667,10.15,387219.758739039
49.4667,9.05,392246.157055499
48.4167,9.43333,391298.150563035
47.9333,9.63333,339710.361824201
48.55,11.05,346386.366103748
47.95,10.95,289718.659358659
47.8,11.0167,272495.806215619
48.8667,13.4,341980.358284189
49.3167,12.85,394309.250103966
49.5167,12.65,417755.776233849
53.5,13.0833,62403.3506249146
52.15,7.33333,122215.030213491
51.8833,8.26667,164897.477391533
51.2333,8.66667,236687.023193203
51.1167,8.46667,249413.415419669
51.4333,9.48333,224298.186193467
50.8167,9.8,296377.919574945
51.3833,9.51667,230295.729731645
51.0833,9.63333,264603.519808337
50.9667,9.1,269187.940248865
50.1333,7,228276.118968228
49.9667,7,239360.365815535
53.6333,9.85,8374.63296607372
51.95,10.1167,178114.151345323
51.6667,9.63333,203210.160850883
51.7667,10.1833,198904.159788099
52.4167,10.7167,138771.066511702
53.3,10.0167,29761.7452389743
53.05,11.3667,95432.3737750425
53.0667,8.93333,43272.6397035802
51.15,7.15,197606.597798544
50.0667,12.1833,419413.838538281
50.0333,11.9667,417350.498653496
50.0167,11.9667,419086.499105033
49.3167,11.3333,416379.744592851
47.75,10.1667,299209.596809254
53.65,11.1833,32722.3807685858
54.15,9.28333,18271.6768034492
52.6333,10.0833,102484.881281977
53.3333,9.88333,23436.5668038592
53.0833,11.0667,94981.7052137856
53.3333,8.48333,3092.38597940534
48.8167,10.2,400570.734622048
48.7333,9.3,425687.896155098
49.1833,8.75,392705.24526401
49.0167,13.2833,359040.162036993
50.65,6.2,149570.891023766
51.3333,8,219703.133438724
51.25,8.16667,231699.63787536
51.0167,8.15,256424.890390045
50.4667,9.31667,326522.220796214
50.9833,8.96667,266125.069920988
51.2833,9.23333,236151.601337819
50.5667,8.6,310654.403592911
50.3,11.6167,381131.482548745
50.2167,11.5667,388865.46478995
49.35,10.6,440617.968441881
49.0333,10.6,409374.698688287
48.9,10.9333,384974.527525355
48.9333,10.9833,386710.459660431
50.3,10.4667,363279.034868105
47.5667,10.75,258329.611323494
47.7167,10.2167,294017.481772998
52.2333,12.4333,197314.16681818
51.4,7.18333,199061.009587522
49.9,8.85,355583.191502722
50.6333,8.83333,304016.016161743
50.4833,9.33333,324900.314589837
50.5333,9.33333,319420.667000733
50.55,9.85,325833.839994091
50.9,9.4,280293.397647812
50.7833,8.33333,284839.031856854
54.4,9.25,17524.8565237394
52.8,10.0833,84267.166023061
52.25,10.8167,158473.014933645
49.0167,8.98333,417568.261989382
48,8.6,396787.737938625
48.0333,12.05,264256.87581329
49.15,11.6667,391193.747842737
48.8833,9.65,425974.158982955
49.5167,9.68333,428151.550152912
47.8,11.65,251812.737782265
47.7333,11.8667,238106.815095857
48.5667,11.75,327572.868884762
49.0167,12.1,368851.917112773
49.3,11.2833,415863.724991574
52.0833,7,129879.082424483
52.1,8.3,140677.466971801
51.7667,9.06667,181140.136745622
51.1833,8.43333,242039.375193244
49.7167,8.76667,360226.137932883
51,9.36667,268925.078939394
50.95,9.21667,272339.904823752
50.1333,9.1,360733.381843701
50.1167,7.95,287296.74404344
49.6167,12.35,431351.328636936
50.2,12.0833,402992.110321442
50.15,11.9667,405173.582335062
48.55,10.3,370663.36973693
54.3333,10.3833,9024.92463836061
54.55,9.51667,22266.9615353984
51.7167,10.6167,209995.700464579
49.9833,12.0667,425049.0167625
49.9833,9.56667,382591.079686564
47.4,10.2833,262908.249523241
53.8333,13.7667,3970.63610974796
50.3833,6.73333,197155.871019421
51.2,8.53333,240140.978261674
51.2667,8.51667,232713.81393308
51.0167,8.41667,260594.089869999
51.35,8.7,223841.664107183
50.9333,8.58333,269857.166772335
50.4833,8.26667,291285.57905211
50.6167,8.3,288906.841202406
47.8333,10.8,282745.973624112
47.7667,12.75,223534.367139532
47.7167,11.0833,261989.67990459
47.8333,11.4167,263428.679516142
48.3667,13.1833,287548.328577204
49.3167,11.95,403806.019138148
49.5167,12.6167,418017.207680763
54.7667,9.16667,18015.5208326501
54.2333,9.66667,29084.5203574573
54.7833,8.95,14152.3099977184
53.15,8.2,28569.8899382624
51.0333,7.46667,221271.269919315
52.25,9.45,138819.155520016
51.7167,10,203303.927888895
53.2167,8.98333,35603.9441784004
52.1,10.4333,165547.893949101
52.1333,7.73333,128963.779570452
51.3667,8.81667,222604.967827645
51.1667,9.78333,258989.708869533
50.9833,9.33333,270252.939982103
50.2,6.41667,190593.967404447
50.05,11.2167,400119.277083613
50.15,11.7,398838.619302903
50.35,11.65,376610.93242177
50,10.1833,391222.82441283
47.8833,10.5333,296967.03848554
47.85,10.4167,298171.820376038
49.4,9.91667,449874.386021969
47.9167,11.5333,267346.449763068
49.25,8.98333,401826.754890064
48.0667,8.46667,404648.69848679
47.85,10.9,281215.965905673
47.8,10.9333,275123.215714798
49.8333,12.05,440306.851630096
49.5167,12.55,418541.014463597
50.8167,8.35,281579.800941086
50.15,8.06667,292952.029074439
54.4,9.6,17690.05301678
52.1333,9.25,145294.038934869
49.8667,11.7167,429232.342955027
50.2833,11.6167,382896.305245961
49.6,11.2167,448907.828566664
49.3667,11.2667,423247.000396886
49.6,10.2,434355.041902546
47.7,10.6,276808.054177672
50,11.7833,416551.159027063
49.7,11.5,442820.390579612
50.9167,8.1,266395.461693621
49.25,12.3167,391382.571208971
54.35,9.21667,16881.1992827559
53.0667,9.31667,60119.101336224
52.3,8.48333,117752.586946845
50.95,9.06667,270692.221949814
50.5667,7.96667,268140.853039495
49.55,12.4167,423353.37765483
49.4333,12.5833,409064.749919527
50.2333,11.7167,390431.282033308
50.0833,11.9833,412539.376253991
49.2667,10.9333,421943.783751325
47.6167,10.8,261349.38955195
47.5333,10.2667,275353.89018517
47.55,10.0333,287757.152286155
48.0167,11.7333,270965.374352468
47.7833,11.3333,261551.736823912
48.65,13.6333,317751.881437922
49.2,12.0333,389807.711839115
49.8167,12.1167,443674.251235424
50.3833,11.8833,378807.567928797
50.2667,11.4833,381802.019176271
50.1333,12,407752.144157931
49.8667,9.9,400275.589195114
47.7,10.2333,291782.320264342
47.7667,10.5,287017.796886822
50.5667,6.26667,158253.809086189
48.9833,9.46667,442395.473168022
49.55,9.63333,423189.895900862
48.9333,13.4333,349309.359211139
48.9333,13.5833,349204.146520505
48.75,13.8167,329423.805165726
49.7333,12.0667,447446.442780501
49.0333,11.9,374076.064824779
51.1,9.71667,264548.58646587
51.3,8.96667,231164.350741177
51.3,8.61667,229135.335003147
50.4333,11.2833,360029.162439336
49.45,10.6,450605.312738535
49.2167,12.5167,385666.635752235
48.2167,11.2667,306120.383323117
48,11.3333,282610.249058494
47.85,11.0167,277533.347874616
48.5833,13.7333,310580.258791285
50.2167,8.45,314436.775920616
47.7833,11.8333,244204.034554515
53.6667,10.2,27945.4454646656
48.9333,13.4667,349254.157994577
49.7167,11.9,448010.499468317
49.7833,12.3167,450035.199058024
48.5833,9.7,395532.747142035
47.8,11.6833,250690.724139626
47.8833,11.0333,280387.548877319
50.05,12,416427.977953101
50.35,10,350173.945679272
50.45,10.2333,344725.338101699
51.1,8.5,251258.164453912
47.9333,8.16667,391878.587136246
49.2333,8.46667,373096.783168614
49.7667,9.61667,406933.189648613
52.4,9.45,124174.452122658
48.35,10.8333,333902.829007309
48.6333,10.6167,369169.21890267
49.65,10.4167,433349.560811222
49.45,10.3167,452674.553674707
47.4333,10.2833,265799.893633438
48.1667,12,279510.052716881
48.0667,12.7667,256513.868092168
49.1667,9.91667,444632.698555923
47.75,11.3833,256772.956656276
48.8667,13.4667,341849.061374326
50.05,8.08333,299217.366260649
50.0167,6.28333,197447.235507273
53.0333,9.83333,56438.5771512779
52.9833,10.0667,64160.0358524665
48.8667,10.1167,408228.551651594
47.8833,12.1833,245332.183687902
48.4667,10.1,369315.509665348
51.4667,9.48333,220745.244246791
50.35,8.53333,314219.083733833
49.6167,9.05,383493.950034699
48.2833,11.1667,316167.102480777
52.7,8.5,73233.8836006389
52.7667,9.55,87959.6068881038
47.75,10.3,293509.981281551
49.1167,9.73333,445710.521931015
51.6,10.55,221530.494446228
48.8,9.93333,407736.869250692
50.1,9.73333,372294.539633387
50.3833,9.43333,337105.040189954
50.1,11.8833,408348.738108864
49.7,19.1,516872.354057305
51.1,21.8,399335.303584665
51,18.4,374250.056237405
49.7,18.7833,517046.360161915
52.8,18.1,180209.236913277
52.3,23,315904.3997488
49.4,20.7,561246.785430797
54.2,21.7,87375.4363249646
53.8,17.2,83280.5738562317
53.7,23.4,197351.204621169
49.4,21.8,578319.095290087
46.8167,15.6667,188736.350030827
47.9,14.1167,238225.622725529
47.05,15.1833,185586.766486869
46.7833,15.95,196777.236585492
47.6167,15.9833,272808.350057428
48.2833,14.3667,283689.448149839
48.1506,16.2692,332023.356438682
47.55,16.0833,272499.617781565
48.2667,15.1333,299783.080918098
48,14.7667,261981.084282798
48.3,16.4136,351716.032842544
47.85,16.5333,319961.297020328
48.3,14.2833,284233.956143716
48.0167,14.9667,269345.486906418
47.2667,12.75,168556.458982349
47.6333,13.15,206217.100877205
47.0833,9.91667,255701.112740693
47.6667,16.1333,284505.948443876
48.05,12.8833,253752.312545246
47.4614,13.2592,186872.276970442
48.6,15.95,360169.521195961
48.15,16.8333,359501.001526993
47.8667,15.8667,288684.715008225
48.5667,13.5167,308439.19433362
47.85,13.35,229249.93166082
48.0833,13.6167,254724.293023843
47.4833,14.4833,200727.452346128
47.3,11.5,206936.774595921
48.15,13.5667,262094.781043257
48.1667,13.2667,264835.121948634
47,12.5333,143756.788190659
47.45,16.2,269916.593864787
48.0667,16.7,345949.688259505
48.1,15.4167,292342.123297859
48.7833,15.2833,357031.303314894
48.7,15.95,369833.11364047
47.8833,14.25,238387.919316671
46.7833,15.5333,180819.8730098
47.85,15.0667,255671.82424236
48.3,13.4333,278915.384661897
47.1525,13.5072,151224.47353737
47.4333,11.7,214308.627482872
48.2333,13.35,271785.598207127
47,12.6333,141533.708121713
48.75,16.65,402232.395463432
47.2333,13.2,161688.936225297
47.2333,13.35,160912.476528445
47.7333,13.5167,215775.785776584
48.4333,14.9667,312315.481664228
48.0833,13.15,256239.21077634
47.95,13.4167,240073.131442105
47.7167,13.2833,214891.171964452
47.8,13.1167,224817.339298036
47.6667,12.4,217687.694734836
47.8,13.7833,223877.254016239
47.9333,16.2167,310839.463250738
47.3,14.3667,178557.841667969
50.9,10.0167,292440.450482501
49.55,12,428373.859195958
52.9833,8.28333,44249.3659668648
51.5,6.51667,153801.192248925
51.2,6.45,148347.295192338
50.9333,8.76667,270399.259574231
49.6833,8.45,342713.719256219
48.7667,8.25,396634.445384204
48.4,13.4,290118.320074015
50.1,8.76667,340406.167347421
49.8,8.6,345183.639595208
49.7167,8.86667,366455.852028524
50.5333,8.33333,293950.428875123
49.4167,8.4,356704.52335405
47.9667,7.83333,399369.078391425
50.8167,7.15,204713.496126643
50,9.06667,364578.637010024
50.15,9.88333,369400.558965809
49.3667,8.76667,381458.003705704
48.4667,7.95,407134.836739208
47.75,9.36667,337567.274611106
52.1333,8.55,136327.741139482
49.7333,8.61667,349987.607813571
50.7333,8.81667,292836.061903817
50.2333,8.61667,324606.07391943
50.3,7.6,255705.53161734
49.45,10.1167,449004.862854338
49.6833,10.0333,422367.611764329
49.6667,10.0667,424744.584947397
52.15,9.73333,154830.514871844
53.0667,11.0833,96484.385554065
52.2833,8.03333,121073.210778562
47.9667,7.7,401312.872038661
48.3833,11.4167,317782.603683937
48.6667,13.4667,319612.424494622
49.8667,11.9,433264.739830523
51.0833,6.01667,120210.520086105
51.9167,7.73333,152256.583878498
49.7833,8.81667,359662.439414026
49.9833,8.66667,339636.629203166
51.0333,9.83333,274161.833371499
51.3667,8.98333,223974.342119303
50.1,8.3,310340.602236467
51.6,8.81667,196777.025960938
52.0833,8.81667,143416.635189909
51,8.36667,262374.985776762
49.8333,8.75,352768.984412457
51.2833,9.06667,234025.124627152
50.5333,7.03333,208124.163164404
51.4333,14.2167,242255.572010907
51.4167,6.81667,173671.28558627
49.7667,9.51667,405018.778145348
47.8667,8.2,384229.714519298
50.1,9.65,371025.85598653
49.8,10.35,415989.630437945
48.95,9.43333,440508.953415682
49.1167,8.41667,378644.83326354
49.25,8.88333,395949.171391676
47.85,12.35,238351.780046418
52.1,6.96667,128267.280126021
49.7167,9.1,381108.215664993
50,8.58333,333471.987590872
49.8,6.68333,234784.228392822
50.4333,7.83333,264570.513977963
49.9667,8.05,301692.243065677
52.2167,9.4,140649.953918813
52.2167,9.65,147739.867516231
52.2167,9.63333,147830.52188664
51.7333,10.1833,202593.330910971
52.9,10.9,101085.297056826
51.8833,10.5667,191193.171933037
53.1833,8.5,19451.3854849605
51.4167,6.88333,178300.515594881
49.6833,10.5,431627.59465721
49.8333,10.1667,408699.948086185
48.3667,10.9,333721.586569599
48.05,10.5,314416.336677387
52.5667,9.3,103021.700313639
52.5167,9.7,114198.296995569
52.5667,10.1333,110384.884066433
48.6167,9.53333,405320.45756451
47.7167,7.66667,374716.183485182
47.6833,8.16667,364302.083738775
48.5667,11.2667,340948.456565073
50.55,6.55,176662.887060349
52.0833,7.23333,129302.885779237
51.6667,7.63333,178142.708046521
51.6333,7.51667,180677.373580585
51.7667,7.35,164841.113361033
51.95,9.08333,161510.511295054
52.1667,8.56667,132643.146109498
50.8667,9.46667,284935.034884218
49.7667,11.35,432994.066057628
49.5167,11.4333,435167.8130742
49.7333,10.6,427003.456911422
49.6833,10.3,427384.018022775
50.1833,10.1,369981.114448887
52.6333,13.5,128626.686742591
52.2667,12.45,194183.291698572
51.4,8,212515.881118198
50.6167,8.86667,306035.377279984
50.0167,8.78333,345454.657137289
50.75,9.81667,303820.633421947
51.35,9.08333,226897.624313657
50.2333,9.35,352524.710630965
50.3167,8.15,290378.220777558
54.2667,10.1667,6625.372509908
52.5,8.9,99125.0356415956
51.8,10.0333,194207.731232308
51.7333,10.25,203192.129463721
52.4833,10.1,119137.302565518
52.4833,10.4833,125799.885072551
51.8167,10,192198.157155957
51.9833,10.5167,179555.772819492
52.1833,10.85,166176.540169039
49.0833,9.96667,434694.748922538
48.8333,9.11667,438076.946095874
49.0667,9.56667,446691.211919221
48.3833,7.76667,406221.071957102
48.9667,12.6833,356694.511937018
48.65,11.8333,334455.35686852
49.2833,11.4667,409722.694546252
50.3667,10.8,359493.574985536
49.5667,10.8833,448209.505867835
49.2667,10.4667,436832.977810042
49.3667,10.95,431668.741519749
50.3333,10.0333,352633.102773388
49.9333,9.96667,394231.650470329
48.7833,10.5333,386913.624847977
53.6833,13.25,41888.279609322
49.05,9.1,421973.462795275
48.7833,8.65,416212.208338661
48.2,11.8667,286243.029876939
48.7833,11.2833,362436.783417788
48.7667,11.9667,344167.230102171
48.8333,12.7333,341540.151627706
51.1167,7.75,239761.939393333
49.6667,8.65,355903.257552761
50.95,9.81667,282584.385060723
51.15,9.15,249616.580639386
50.5833,8.48333,302406.572538739
53.7833,9.98333,27237.880879569
52.3833,9.7,129011.096583871
51.65,10.3333,213221.170867899
52.8333,10.3,85002.2955357595
53.05,11.0667,98562.2533342319
52.9667,10.4,74558.6363628933
53.1333,9.5,48899.2607201889
53.0833,7.68333,32326.9677614437
53.2667,8.28333,15892.8177567315
50.9833,7.51667,225647.306521415
49.6333,12.2667,434055.816511073
49.9333,10.7833,406808.630441078
49.3667,11.3167,422024.807665008
49.9667,10.5667,400945.420830248
50.4167,10.1667,346680.418650367
51.8167,13.2333,218451.461361386
53.6833,10.2833,33669.6509942653
52.8667,9.7,75391.2790979811
52.6333,10.6333,114649.46994374
52.0667,10.7833,176411.339770161
48.9667,10.1333,417746.447628
49.0667,8.46667,385051.871878315
48.2833,7.73333,413783.665458846
48.0167,9.65,346148.715566676
47.8833,11.9167,252002.825014335
48.2667,11.4333,305513.655236559
51.1,8.86667,252473.328201351
50.4667,9.85,334752.328568204
50.5,9.56667,326281.304727396
50.9833,9.93333,281730.538113278
50.9667,9.91667,283078.5488608
51.25,9,236992.027399855
50.45,10.2667,345224.805727903
51.6667,14.2167,216440.012098508
52.05,8.43333,145640.931355034
50.5667,9.35,315970.353334392
53.15,11.05,88164.791363215
49.85,11.6,428626.017172929
50.2667,10.5333,367541.454061966
47.9667,10.15,319790.53697947
51.45,13.4,252343.822242721
52.0833,12.6833,207153.340018965
53.2333,11.6667,76155.979690786
50.95,8.88333,269196.362865054
50.8833,8.65,275545.795278101
51.3833,9.01667,222491.037634697
49.3833,9.7,437231.397635667
48.7667,8.93333,432778.348277283
48.4,13.3167,290437.179964677
48.7333,13.45,327044.226346857
53.2333,10.9,79001.5674190665
53.6833,9.18333,15820.180131979
49.6667,12.3167,437195.793214018
49.0167,11.1833,389194.743236812
47.75,10.1333,300675.000249741
52.8667,8.9,60760.8328446127
51.8667,10.3333,189460.106007751
51.6667,12.9667,241426.051059273
51.8333,8.15,169938.34375687
51.9667,7.3,142429.243556273
51.6667,6.95,176353.019576056
50.4833,9.95,334949.007391085
50.9,9.21667,277818.908478769
50.0833,6.26667,191358.90000812
49.3333,8.8,385591.410494175
47.9667,11.15,285517.411959955
47.7167,12.4,223064.675131296
48.0833,12.5333,260795.273797508
49.8667,11,416794.167845738
48.5667,10.7333,358980.41509137
51.5167,13.4,245305.36328629
47.7333,12.8833,218751.477741975
47.7167,12.4833,221582.577330883
48.4833,12.5667,304328.636853863
48.8167,11.85,351841.270778546
48.7667,12.5167,336048.777849588
54.7167,9.16667,20251.5752744138
54.6667,9.4,16172.0477751896
54.6167,9.78333,11380.920236935
51.6667,10.6667,216258.339363549
51.2,8.46667,240146.670096907
50.3667,8.56667,315769.902646011
50.2667,11.9333,392190.572102589
47.65,10.1333,291755.078672066
52.8167,14.0667,93770.170466872
53.8167,12.4167,37036.8109215825
53.8833,12.8,46519.7913071792
50.9833,8.55,264259.147827108
49.0833,9.88333,437391.371629584
48.9833,12.9833,356702.023111809
48.7333,12.9667,329008.436450185
50.9667,6.98333,189243.856574729
49.7833,9.76667,407221.540507448
51.8333,13.6333,206792.748948659
50.95,10.0333,287635.734130262
48.7,9.58333,411096.116198735
48.6667,12.7,323385.07980411
48.7333,12.15,337298.391035098
50.2833,11.7333,385558.778888515
50.0167,11.95,418681.044978195
49.2333,8.78333,391233.483957623
53.7833,9.43333,1459.55060092571
50.3667,9.15,335786.867985532
51.45,9.25,218295.483803432
48.2,10.1167,343050.437074855
51.0667,9.16667,258946.754570859
49.3167,8.81667,387655.128441956
49.1667,8.48333,378744.188293628
49.3333,8.91667,392496.47094908
48.7833,13.5167,332525.009092825
48.1167,10.55,319276.125852436
50.25,9.61667,354209.982915933
54.7,9.55,13821.940763707
53.1,8.86667,37551.08491303
48.9333,10.3333,408124.856098545
49.1667,9.16667,418080.279939045
47.9,11.3667,271720.494088799
52.2167,7.88333,123528.442372089
49.7,10.7333,431933.883672955
54.7,9.21667,18737.9189912209
48.0167,9.13333,371226.082391172
52,13.0667,205031.611950919
53.6333,8.96667,22474.6433313307
47.9,8.43333,386306.907359131
47.9167,11.4167,271484.423081899
51.9667,14.6333,181599.136456991
49.4,9.4,417669.71308834
49.0667,13.1,365617.841035302
49.6167,8.65,358870.247179363
48.2833,12.5667,282329.655491879
47.7167,10.2333,293297.953782965
49.3833,11.65,416431.925714415
54.25,10.8333,8121.08705208952
48.95,10.9333,389970.506455555
54.5,9.13333,7872.56381473593
53.9667,12.7167,36242.6509395498
49.5667,10.9667,449196.101511974
53.15,11,89209.2320994692
54.55,9.4,25613.6993821386
49.8833,12.4333,439333.707347426
54.6167,9.03333,8832.03051909653
47.6167,10.5,272869.919447233
49.25,11.1667,413682.179251653
48.2167,10.9667,316408.686149032
51.45,8.35,212578.995017087
50.45,9.91667,337832.331192306
48.5667,10.4333,368115.202145494
50.65,9.2,305077.27471261
54,11.0167,310.938028143714
47.8333,16.9167,334422.489603462
48.1167,13.2833,259192.889858235
48.3833,16.2167,350468.059066776
48.2167,15.2167,297313.668725092
47.6833,16.1333,285862.339394995
47.6833,12.1833,224194.227925521
48.1553,16.3475,336066.762562055
48.35,15.75,328702.522183778
47.6167,16.2833,288353.598648199
48.5,16.1167,357104.848116211
47.85,13.8,229520.768335579
46.9833,15.2833,185123.961718184
47.0167,12.3833,149494.22026306
48.2833,15.7,320426.614015645
48.2333,13.9333,272903.904517402
48.7167,16.3833,388032.419583427
47.6,16.2,282612.636324006
48.3833,16.5167,363721.036654275
46.9833,15.7667,208672.469501863
48.4333,14.4833,301889.741454655
47.2833,15.4833,220083.380829023
47.2,14.2833,165958.781709618
47.6667,14.3333,216580.863753747
47.5167,12.1167,208584.274383338
47.3667,9.7,289454.830102325
47.5333,14.8833,218001.858997679
48.0833,12.8333,257837.809626589
47.3292,12.8169,174652.490220033
47.3833,13.55,176846.045527152
47.7833,15.1833,253074.74023061
48.1833,12.7833,269285.378389789
51.5833,8.11667,195258.198258145
49.8333,8.46667,335025.680118367
50.2833,9.36667,347230.285552475
49.05,8.53333,389942.952186179
48.4333,8.2,421735.55703458
48.8,9.4,427742.731582694
48.9167,12.8167,350162.357331595
50.4333,8.66667,319928.183523443
50.8167,8.26667,280024.475714967
47.9833,7.96667,399474.676779352
50.05,9.7,377211.230301205
52.4167,13.8,141806.2184467
48.3333,7.88333,415843.164432454
47.7333,8,371638.897115198
52.6167,10.8667,124286.955379292
50.7667,7.33333,218687.589442067
47.6,8.13333,355465.721234633
47.9167,12.7667,239937.630059643
50.7333,8.63333,292185.919066149
51.4167,9.11667,220006.922158496
49.7333,7.4,278051.549822316
52.1833,10.7167,162667.106265999
52,9.11667,156694.186576697
50.0333,8.11667,302203.745363538
48.9333,9.66667,430179.357813041
49.4,8.53333,365571.451906894
49.8333,11.6833,432091.992773875
51.4667,13.5333,247812.978468519
49.2,9.5,435872.111997858
48.1333,8.23333,413424.420410941
51.0667,9.25,260002.091459988
51.5,9.38333,215221.712018886
51.2667,9.41667,240879.936108546
50.25,9.28333,349956.690511309
51.3167,9.91667,246691.819225109
49.3167,9.35,419595.656710444
47.8167,12.65,230112.79265098
49.15,12.2833,380816.098205749
53.0167,11.1,101628.495426721
50.1167,9.36667,365519.250823857
51.25,9.16667,238877.602184142
51.65,13.2167,235921.046252942
49.6667,9.73333,419443.319856292
47.75,7.76667,376707.563374665
50.6167,9.21667,308918.270533886
52.7,14.0333,106704.667328267
52.7333,13.5833,116205.531718933
53.0667,12.7333,113268.703365245
50.8167,8.91667,284181.47748437
50.6667,7.81667,254584.497050649
50.0167,8.2,308330.035865615
48.7333,8.36667,405273.306896686
49,12.6333,360757.346054184
50.3833,10.4167,353664.764717588
50.4333,7.4,236409.274473654
49.7667,7.83333,300654.062376597
48.7667,8.9,430957.729597633
47.6667,9.18333,340579.769755186
48.45,13.2667,296238.526208809
48.7,13.0167,325114.755023146
49.55,11.55,436255.067285272
53.5667,9.9,5177.35547366635
47.7167,8.18333,367825.327383273
48.3833,12.3,296897.277470491
51.4833,9.15,213185.335516836
49.6,11.0167,446177.19326804
54.1167,12.0833,527.992049534078
52.15,8.96667,138009.498909411
50.5833,8.66667,308939.489012807
51.1,8.76667,251895.697931344
50.45,8.03333,277054.152117623
50.2667,11.6333,385019.806604868
47.95,10.1667,317553.798181035
53.55,10.9167,45717.9009308907
51.1833,7.96667,235398.062862703
50.3667,9.03333,334818.456392037
49.9667,8.66667,340482.448385133
50.3333,8.53333,314895.211161595
49.6333,8.36667,340745.848056326
49.1833,9.71667,450056.731260866
48.95,8.61667,401869.663969767
52.6,8.36667,84866.9905144001
52.8833,9.53333,75527.129433663
52.95,9.53333,68274.6887378667
50.1,9.93333,375681.576737289
48.1167,10.4667,322129.211593479
54.0667,12.8833,27677.9497574788
54.25,9.91667,16837.5430722774
52.5333,7.86667,91198.8527728675
53.4833,8.48333,395.699915699836
51.05,10.0833,277693.985488717
47.85,8.78333,376273.320681501
49.0833,9.56667,447233.599852436
53.1,10.0667,51712.2894666297
51.7667,8.56667,177133.549962915
49.9833,11.1667,406537.583570628
49.2,11.1833,408066.972338192
53.5,12.1667,65083.5947647384
53.6,10.6167,44261.8571330874
52.3167,9.16667,124181.100684613
53.2667,10.1167,36168.3825300201
53.75,11.35,18500.8593603512
53.9833,12.6,31306.1987538072
48.95,9.01667,424138.69639824
48.2167,12.6,274637.269422611
50.4,9.76667,340398.472377407
51,9.73333,275509.052954365
53.1167,9.16667,51737.2882120544
48.7333,9.36667,422921.634670954
49.6833,12.1667,440704.374416656
47.6667,7.95,364981.506963584
50.1167,11.15,391805.525353114
49.9667,6.41667,208122.441458155
53.5333,9.68333,2741.69261425977
53.0833,10,52276.8409359683
53.6833,8.68333,12800.0816731341
47.8167,8.66667,376281.910213397
47.7333,9.58333,325323.188474875
51.35,8.73333,223988.24921646
49.8833,7.9,297366.553467406
47.4667,11.0333,238441.178300174
52.45,9.73333,121477.258813374
51.6833,6.55,157903.94858485
50.9833,8.73333,264704.11787111
51.0833,8.73333,253598.5039633
47.7,8.68333,363285.347877097
47.7,8.75,363235.179184145
47.6167,8.31667,355648.859871941
47.8333,12.9833,229079.692619247
47.6167,9.96667,296662.335677184
47.8833,9.11667,361196.443886633
50.4667,9,323509.127436334
49.5833,9.36667,405161.591313652
48.05,7.73333,409888.360026314
48.4333,13.0167,295494.31036101
51.7833,6.45,146708.431983242
49.4167,11.65,420005.026852808
50.0333,11.4167,405452.812627736
47.7667,8.13333,373824.147939434
48.1167,8.46667,410198.999385219
49.95,10.2833,398634.260485394
50.6333,9.45,310047.348616733
50.6333,8.41667,296309.603207105
50.4167,9.83333,339804.002204328
49.1333,10.0833,436028.132782638
48.9833,8.36667,385839.828265962
47.9,8.35,386782.966505898
48.8167,12.05,348022.087395834
49.1833,12.6667,380763.933388862
54.1333,9.41667,26346.1187166549
48.25,12.5167,279268.788207754
50.8667,9.01667,279422.501754076
52.3167,10.8667,153237.444408033
48.5333,11.2333,338647.264826454
48.5833,11.4333,337647.378674487
47.9333,8.08333,392684.701111037
47.8333,8.53333,378468.607476409
54.7833,9.53333,5068.19080929335
50.1667,10.6167,379363.162237983
50,11.6833,414359.932029963
47.8167,10.9,277852.914846652
47.65,11.75,233547.86692688
47.9667,9.03333,372207.075212063
50.4,11.3833,365556.057450279
48.1,9,384761.932226503
49.45,9.3,408573.32843626
53.8,15.4,37609.8979397246
47.2833,12.9667,168328.85023846
47.0833,15.2833,193348.181965314
46.95,15.8833,209727.201639518
46.9833,15.6333,204177.945721356
48.2333,13.2833,272118.091040144
46.95,14.4167,144234.671833996
47.2167,15.8167,232124.67523977
48.4333,15.7333,336141.885783042
48.8833,15.4,370564.826601532
47.3333,15.75,237710.807297551
47.4,13.2167,180217.789120631
47.6667,16.1833,287072.752275164
48.3167,14.0333,283006.265874314
47.7267,13.415,215277.600399622
47.2667,14.7667,187629.797085995
48.0833,12.9833,256799.87434571
48.2167,14.4833,278531.61956225
48.4833,14,301082.778834459
48.1794,16.3167,336726.388200985
48.2167,13.4833,269558.336241682
48.6167,15.2,337555.247875251
47.1333,10.4667,231238.115042629
48.4333,14.7833,307887.688787296
48.05,14.1333,254855.886066746
47.5333,14.1333,198500.01060619
48.75,15.7333,367300.40323733
47.2594,12.8278,166852.172770929
47.2167,12.1833,175938.513906646
47.0167,12.65,142994.113556469
47.25,15.5167,218952.448068012
47.45,10.6667,250491.80560737
47.3667,11.1667,224037.632125986
47.2167,10.15,253978.152762959
49.75,8.11667,318535.315254506
48.0333,11.9,267999.038571663
47.7833,7.6,383079.143711958
50.0333,9.38333,374868.163115736
51.45,7.53333,201067.890148055
49.65,8.7,359949.916800288
50.0167,9.13333,368134.343260335
49.75,8.48333,340807.330251642
50.5333,7.18333,217796.80823303
49.2333,8.9,398029.692816419
49.4,8.65,372415.403741795
49.0667,8.8,403652.056578713
49.1,8.65,392837.775998373
49.7667,12.1,448493.963431282
48.7333,12.75,330352.082817607
50,10.05,388590.414130284
50.7333,8.7,292359.96011945
50.55,8.35,294495.668613929
48.5667,8.16667,408873.877695249
49.25,8.7,385282.831874046
48.9,9.08333,431444.532470603
49.4,11.7667,415988.072924016
51.7833,7.46667,163701.21802506
52.2833,7.73333,113031.177422256
49.95,8.85,353038.863812452
52.95,10.55,81615.5686001191
49.7833,10.95,425259.743676852
53.2,10.55,61203.5374314503
52.1667,10.55,160597.671649176
51.2333,7.06667,191072.086636135
50.7833,7.28333,214779.298529208
50.1,7.11667,237244.244960368
48.25,12.9833,275293.012798395
49.45,11.6833,422924.871560537
51.3167,7.1,193109.005149424
47.7333,8.83333,364774.494307418
52.1,9.36667,151630.813305708
53.5833,11.4167,35986.8300649879
50.9,8.03333,263046.222861781
50.4333,9.56667,333528.216535489
49.7667,9.98333,412497.919867235
49.1833,9.31667,425911.027353905
48.95,8.4,390150.424104346
52.0667,9.58333,161139.744917306
51.3833,9.76667,235949.673142124
51.8,6.15,127423.528545045
51.5333,7.68333,193354.551712755
49.7667,6.61667,234093.465030056
49.3,9.65,438967.578635068
49.3833,8.56667,368621.804177037
50.05,11.1667,399303.512457761
50.0667,10.95,394271.503102549
48.7333,11.1833,360341.706221939
50.1167,8.85,345067.81495484
53.5833,9.7,874.502249590968
54.0833,9.68333,33857.7053327176
53.4667,7.48333,18433.4642318259
52.4,11,149506.378438159
53.0833,8.56667,30859.5740363199
52.35,13.6333,153084.770208979
48.5,10.1167,371963.633417551
49.3667,9.61667,433004.850618671
48.3833,8.28333,429962.8883185
48.2833,9.71667,367021.18530339
47.9833,11.8667,263714.722508408
47.8167,12.5833,230960.109480421
50.6667,8.7,299761.535249401
52.2333,10.2333,148102.298032652
53.3167,9.8,24923.137593775
49.55,10.95,450501.869922795
54.2167,10.6167,12069.3008520889
53.1667,10.8167,77832.8287661868
53.5333,7.55,16462.8868272306
49,9.5,442733.550036761
49.4833,9.76667,435225.191231731
48.4,9.03333,408147.138744817
51.6667,8.35,188501.007171862
52.2667,14.1667,150910.777975051
52.1333,12.6,204729.393206196
50.9833,8.46667,264253.35217489
50.8667,8.48333,277215.889015614
48.15,9.55,362411.331076895
49.8167,11,422257.630276632
50.2167,11.4333,386125.929702924
50.0333,11,398609.071822548
49.0833,11.3,392876.590515865
52.1667,14.25,160963.348045972
53.6667,12.6167,58238.2520676435
49.4167,7.98333,333004.188696597
52.9667,10.5833,81461.8212729808
53.0667,10.45,67186.2121460774
52.55,8.16667,92745.4095945331
50.9333,7.55,228986.15518701
50.2167,10.2333,369287.642272314
53.05,11.3833,95377.6948267963
48.5167,8.36667,422839.221773799
51.9333,8.83333,160101.587824474
52.1833,8.7,131394.152512251
48.4833,9.41667,398012.083879174
48.55,8.96667,424138.743127811
47.6167,12.1833,217204.156486102
50,11.1333,404203.013794404
50.25,11.7,388289.106971908
51.95,14.7,183582.920116096
51.0667,9.93333,273015.648967502
50.5167,8.38333,297897.677035033
54.7167,9.25,15896.9193301189
53.8,10.75,20360.4659366035
52.15,9.95,154974.257427865
53.15,10.0667,46469.4315669407
53.4,9.78333,15799.12376148
53,11.15,102753.011076011
54,10.6667,7044.56504293871
53.65,10.1833,26097.1171593744
51.4,8.83333,219029.670097719
48.35,8.96667,407140.693929755
50.0833,11.1833,395964.400956975
50.45,6.43333,175127.169550572
52.1,8.33333,140474.366426469
51.3333,8.21667,223857.032720774
51.2333,9.81667,252800.152400302
50.6167,8.16667,279879.050431637
54.0167,10.5667,12552.9461038084
54.8,9.71667,1213.87887955849
53.45,9.8,10134.5545591768
53.6333,9.23333,16371.2260252439
48.5333,10.2333,371213.47663197
48.2167,9.03333,392767.860645468
49.1667,12.1,385160.016070781
49.55,11.6833,433661.372119139
50.1667,12.1333,407759.589597058
52.2667,13.1833,174562.520086704
48.6167,8.26667,409644.515436669
47.6833,11.2,254995.788853232
54.3167,9.66667,20940.5505673381
48.3833,9.73333,375522.405794499
49.2667,11.9167,398951.375024918
50.3,6.66667,198165.796696161
49.8667,7.96667,302396.558142089
47.7333,11.75,241826.978664015
48.8667,8.86667,421738.72842144
47.8833,8.3,385271.249746615
48.2833,8.85,407378.147419521
48.4,9.2,400324.805112509
48.2333,8.35,423720.871809359
48,11.1667,288504.749432948
54.4667,9.83333,1049.91894914784
53.2,10.1,42195.4673479783
53.7167,8.71667,13665.5129205971
48.6,8.41667,418524.837040763
49.9,12.1833,436680.843845999
50.8667,8.6,277289.403390472
54.1,10.8167,256.176877940648
50.2667,11.85,390103.340655933
54.7667,9.43333,4873.30491813425
48,9.03333,374902.356001462
50.3167,9.8,349963.161489602
49.1667,10.7167,418583.030309303
48.4,11.2,326471.481858149
48.6833,8.36667,409269.459314452
48.2167,8.5,419856.9855116
54.3667,10.3,6210.21756564298
42.3833,18.9167,10960.8712432815
54.3,18.2,29284.3052329385
47.3,16.4333,264929.435137344
48.1167,16.25,328179.674230717
48.2833,15.2667,305596.371423787
48.6833,14.8833,336616.378404127
48.3167,13.85,281543.981409537
48.5667,13.9833,310160.155239786
47.2925,12.7167,171824.229092978
47.55,13.3333,196090.192248515
53.6333,7.8,8391.16861732487
51.9667,9.25,162838.865750941
51.2,6.78333,171566.164657127
51.25,6.86667,177029.325047806
51.15,6.86667,177890.814872945
48.5167,8.11667,410675.394591096
50.9167,7.25,208746.572263901
52.2,7.23333,116320.559436135
49.9833,10.9,402729.673135636
48.0667,8.75,394907.583524376
52.0333,6.81667,137114.01595863
48.2833,8.08333,429266.405969252
48.5333,8.56667,431519.202460282
49.2,8.15,357916.595236626
54.35,9.85,12664.6310857219
52.2333,8.16667,127221.822370185
49.4667,7.56667,306556.388611294
49.1833,7.65,332797.371948151
49.2833,8.4,365826.10170396
51.35,6.95,182669.3658056
51.7667,6.61667,157914.069698504
51.5833,9.75,214855.326409371
50.6,6.93333,198597.824123905
48.4,8.01667,416009.93865579
51.45,8.9,214018.511594919
49.8167,8.5,338027.682209719
49.3833,7.63333,316397.44612429
52.3,8.83333,119812.711331525
53.8,10.3833,35034.6721545776
48.8,8.31667,397407.742139413
48.7333,8.06667,390140.460310381
50.1167,7.71667,272673.996235947
53.6,10.0167,13749.2253827756
51.6333,6.18333,132101.455420678
53.2333,8.6,15277.8259848569
51.3333,6.96667,183812.742871869
50.7667,7.23333,211941.638610628
50.55,7.41667,232287.942511302
50.8667,6.9,186253.187524645
48.1833,10.6833,321641.972403334
49.2,7.75,336405.767847542
49,8.48333,390887.788403584
49.9833,7.86667,289445.203511866
49.2667,8.08333,349367.354926997
49.3667,8.26667,352462.170396817
50.8167,6.81667,182255.612149531
53.1333,10.6,68570.3087618327
50.9167,6.81667,179134.691303591
49.0833,7.8,348402.027803069
49.45,9.93333,445994.597534386
47.8,9.63333,328400.472663806
47.95,10.4,308360.697575824
51.6167,7.2,181192.71392054
49.6667,7.6,293923.199678408
49.95,7.78333,286311.152878863
50.3,8.06667,285702.28327838
49.4333,7.28333,294278.888955386
48.7167,8.35,405742.499180168
48.4667,8.43333,430267.938429939
52.3833,10.55,137811.718745551
51.6,7.76667,187140.151679061
51.2,9.76667,255108.041290197
50.3833,7.1,219846.745626288
50.75,6.53333,166038.699810566
51.7333,7.51667,169635.489878185
51.8667,7.91667,161003.679443582
49.1833,7.5,325220.944793723
47.8333,9.65,330387.984212702
47.9333,9.75,334244.035473227
51.5667,10.2333,221412.74822186
52.3,10.4,143455.612223728
51.2833,6.2,130397.484998166
48.65,10.9667,359088.273237117
52.55,13.45,138491.743894635
53.6667,9.8,10857.6684132593
52.6833,8.8,77667.2012721816
52.5167,9.51667,115710.54855961
52.7333,10.7333,108487.094265875
52.8,10.6333,98585.2775304222
52.9,10.45,82667.7623797361
53.2,9.53333,41150.9769536836
53.05,9.18333,56863.0893540417
52.6,6.85,75120.6913602625
52.1,10.85,174687.150694114
51.6667,6.26667,138317.037348515
51.6667,6.75,171033.685105545
51.0333,7.15,199340.842864206
50.65,7.23333,216148.652668222
50.7833,6.2,142968.639907048
52.2,8.6,129032.540466219
50.9833,9.71667,276940.403917879
50.15,8.83333,342480.947872568
50.7,7.58333,237739.736368551
50.0833,7.51667,262246.129737653
49.9333,6.63333,221879.398621096
49.6,8.05,324195.676923079
49.35,7.41667,307673.762280738
48.1833,8.1,420077.25369463
48.2333,9.46667,373527.103310865
52.4667,13.5,145646.072065847
53.1,13.8833,70939.393731042
51.4667,13.2833,253241.857865732
52.4,13.2,160554.776126013
48.3833,12.1833,298878.838081435
52.9,8.58333,51249.79832915
51.4167,9.66667,230053.01051002
52.5333,10.35,117594.566835678
53.5667,9.51667,4949.9610396666
52.4833,7.55,88081.5697679778
52.3,10.65,148916.198293817
52.2167,7.81667,121904.018367926
51.95,7.98333,153697.053724271
51.7833,7.16667,162667.19070386
51.9167,8.56667,160448.946534932
50.8333,7.93333,257702.213225368
49.6833,7.25,273419.872448686
49.9833,7.43333,263292.920883934
50.7167,7.76667,249594.135049593
50.0167,9.88333,383779.624712858
48.3667,10.3,352494.281027198
52.9667,14.0833,78018.169732782
51.4,13.6167,253404.414911922
52.2,12.65,196567.715332667
52.3167,12.75,181896.435266029
51.8,13.9667,204518.051811414
52.2333,13.6667,164129.120181185
50.5333,6.21667,157181.578370036
50.7167,6.25,149324.095935622
51.9167,7.81667,153709.015653315
51.9167,8.11667,160481.784996096
51.9167,8.75,161252.746312445
52.1,8.93333,142964.866151825
51.1333,8.61667,247671.978173816
49.7833,9.03333,373330.644251055
50.4667,7.1,215604.051369044
50.5667,7.61667,244809.61301312
50.6333,7.9,261323.731039654
50.65,7.95,264139.356363966
49.2167,7.86667,341454.097486507
49.0833,9.98333,434164.622760258
47.75,8.31667,370398.615480818
48.2,9.76667,357301.206349735
48.6833,8.55,418709.423728963
48.6333,8.63333,426980.954487441
48.6833,11.6167,343071.978819504
48.7333,12.25,335734.650137995
53.6167,10.7,40572.6272478417
53.6333,10.3,32556.7588102798
53.5167,10,11533.1679358241
52.1167,9.15,144857.455192712
52.7167,9.43333,94745.9602821914
52.5667,9.13333,97680.9347589143
51.95,9.85,176988.882092624
53.1167,9.31667,55115.5769084674
53.45,9.51667,16169.4846729667
52.9667,7.76667,46002.2827911608
52.3667,8.31667,111044.15955796
53.4667,7.51667,19653.3641729008
51.35,7.11667,194279.919387857
51.4,6.73333,167776.822413292
50.6667,6.71667,181578.773476202
49.2167,11.3,406750.731523399
47.5833,9.85,299567.411659419
52.5667,13.0833,146863.535528346
53.65,11.0667,34684.7237737601
53.7,10.7833,30124.4889851591
54.3,9.5,29476.5405995375
53.7333,10.1667,30225.6311695116
52.7667,8.75,67839.0650493442
52.9667,9.05,56820.7297700392
52.2,9.08333,134660.983801839
51.7667,9.76667,196679.037516821
52.0333,10,168151.707203757
51.8167,10.2333,193842.99646475
52.3667,9.98333,131076.076633721
52.55,10.3,114836.26189845
53.1167,9.8,47166.1447159803
53.5167,9.21667,24353.220692493
53.2333,7.45,9530.60556164218
53.0667,8.16667,37975.5148578708
51.5333,6.7,166915.696585179
53.8667,11.3333,8355.43086251462
51.4,11.0167,251683.255995199
52.1833,7.05,118501.542829817
51.8667,8.95,168678.346258819
52.0333,9,151178.631231474
51.0333,7.83333,246710.529517092
50.75,8.08333,270171.866559814
51.15,9.73333,259622.164660995
50.0333,8.06667,299065.827690413
49.6833,7.08333,264527.133921228
50.0333,6.88333,228203.417158229
49.7333,7.73333,297002.692159685
48.4833,8.16667,415898.197077126
53.25,14.25,44898.7065886231
53.2667,11.3167,71685.1672070149
48.35,9.2,395994.334308251
49.2167,12.7,384193.851142596
49.1833,12.3833,383303.85490039
54.2,9.08333,9190.91787739332
54.2333,10.2833,13210.1769450998
54.0167,10.1667,34289.1055639418
51.7,10.4167,208752.372049807
53.0333,11.5667,97413.7314742366
53.0333,10.3,64801.9553104044
53.4833,9.15,30095.6845722827
53.5167,9.48333,10583.3482243896
53.7,7.66667,192.097457951348
52.1167,10.7167,169585.539523155
50.9833,7.18333,202633.970235149
52.2667,8.66667,121941.149890344
50.2833,7.21667,232478.567266547
50.1,6.35,194383.589561385
49.6333,6.81667,254787.382093763
49.8333,8.11667,313493.211046913
49.4,7.46667,306351.211870014
52.3833,13.6167,150201.552385056
51.8,13.4167,215276.72467406
52.8833,12.9833,119469.08153665
48.1,7.96667,412291.378118031
47.7,7.91667,369073.789775639
48.1333,8.96667,389171.659499959
48.5333,9.3,407584.023799271
48.3,8.56667,422998.7718534
48.0167,9.25,365452.640978055
47.6833,9.83333,308779.232046734
51.8167,8.85,173111.409298205
51.55,8.25,201825.548927923
51.4,7.43333,205945.930084407
49.9667,7.6,274252.040021576
54.4,10.2167,109.649794438672
54.0167,9.68333,28027.2266381804
53.5167,10.25,27876.8841023235
53.7833,10.5,31190.5299509075
52.4167,8.75,106054.497571816
52.8333,10.0833,80646.1167650253
52.6333,9.83333,100948.312290921
53.0333,11.2667,97873.728729049
53.15,9,40376.3647861431
53.3667,7.63333,19142.187853106
52.8167,8.11667,65608.9539382665
54.8,9.73333,698.442437485814
52.45,9.58333,122368.383724971
52.5833,10.3167,111610.701732855
53.5,8.9,22703.277831678
49.2667,7.58333,322792.501636587
49.3333,12.2667,401114.79186237
52.1,8.91667,142741.057287642
51.1,7.86667,243063.240073826
50.7667,9.11667,291375.047083924
50.45,7.26667,227055.665088215
49.5,7.76667,315015.764066513
47.9333,10.3,310630.498818586
52.2167,13.7833,163067.448450088
51.5833,9.03333,200731.180792833
49.0333,8,362405.639611326
54.2167,9.26667,20479.1959732392
53.6667,9.65,7154.72869366652
54.2333,10.5167,14456.0624057264
54.25,9.55,31376.2811560431
54.6333,9.78333,10458.1875283176
53.9167,9.88333,32528.5805433083
52.7333,9.98333,90486.3096846017
47.95,8.5,391554.175776545
48.2167,9.95,351212.489554553
48.1333,8.75,400196.263695894
48.0667,9.95,337341.849311686
47.95,9.98333,325282.570642857
48.55,13.2333,307516.537147334
51.4833,8.43333,208670.383149071
50.2,6.83333,214265.083848426
54.3333,8.78333,4688.71933765265
54.1167,9.43333,27225.1117455791
53.7,10.0167,20607.8689477386
52.4,9.11667,114306.522041683
53.3667,9.95,21184.5137467729
52.9667,10.5667,80784.6817958588
53.75,8.78333,9977.96862233333
52.1833,8.13333,133106.319960136
51.7833,9.98333,195840.015311125
52.8,7.85,64668.0981235993
54.0833,9.9,31131.357104984
53.0167,9.51667,61271.4723375125
47.9167,11.6833,262370.480864619
48.3333,11.0833,324028.746141463
53.0833,12.9167,103890.228012261
53.3333,7.81667,22545.8894621525
50.1833,8.73333,334451.804516971
49.85,7.05,250384.075199868
51.4333,8.73333,214743.06044433
51.1833,8.3,241524.172888657
48,10.0833,325626.212936834
47.7667,12.65,224625.634367322
54.1667,9.85,25883.1813027697
51.55,10.0667,222117.622451139
53.8,9.03333,4647.68897150768
53.7333,12.5667,50275.4199407382
51.1333,7.91667,240102.668673486
49.1167,7.56667,333953.245239687
48.6167,9.35,412947.683767874
47.8,8.03333,378565.591693734
48.0667,8.65,400197.39940593
47.9833,12.4,251869.093530406
48.9333,13.2,350201.405154671
52.9333,9.73333,67800.9333334983
52.05,8.36667,145859.051881307
49.6,6.68333,251031.816843772
49.5833,7.7,305379.827359076
48.9,12.0167,357601.252994087
53.0167,7.76667,41594.2780455019
50.5667,6.76667,189481.783903354
54.0667,13.1833,14349.2758896838
52.7167,9,78736.7163403428
54.8333,9.56667,1039.64656221417
47.8167,8.53333,376625.061781666
49.5333,12.1667,424268.264129783
51.7167,9.18333,188363.854217153
49.5333,8.01667,326758.083103459
47.9167,9.26667,356300.549553219
54.4,10.3167,3407.37832691155
49.1333,10.4833,423227.131998913
47.7833,10.75,279471.37678378
49.2,7.38333,318077.939104678
49.8167,7.71667,290584.786244734
54.7833,9.23333,13399.120759498
53.2,7.88333,31084.0603811782
52.8167,8.35,61128.4571600023
53.4,10.1667,27372.8679815431
53.7,8.93333,14792.6183162978
51.2,8.7,240503.3765475
52.95,8.21667,49323.5205307065
54.25,9.08333,10253.0125746076
