"fs","mat","sp","site","cc"
3.45477653669491,1,1,1,0
3.52008683702984,2,1,1,0
3.69626240116787,3,1,1,0
4.05802825870372,4,1,1,0
4.17216952625185,5,1,1,0
4.29221192763569,6,1,1,0
4.45698932985361,7,1,1,0
4.75682546024811,8,1,1,0
4.77388588513844,9,1,1,0
5.16515484306092,10,1,1,0
5.30821071836947,11,1,1,0
5.65662847382239,12,1,1,0
4.09770894247644,1,2,1,0
4.04379556309916,2,2,1,0
4.39171174899753,3,2,1,0
4.59034267159529,4,2,1,0
4.74917533405822,5,2,1,0
4.93061543916169,6,2,1,0
4.97039395763166,7,2,1,0
5.28283848343554,8,2,1,0
5.72813174041752,9,2,1,0
5.64053836165981,10,2,1,0
6.04222481929432,11,2,1,0
6.10656745215704,12,2,1,0
4.59238632063875,1,3,1,0
4.63534363683243,2,3,1,0
4.83419248510028,3,3,1,0
4.99890450331404,4,3,1,0
5.22726950543309,5,3,1,0
5.44000076011755,6,3,1,0
5.60160759880944,7,3,1,0
5.90958615336976,8,3,1,0
5.99513382328936,9,3,1,0
6.26700410772135,10,3,1,0
6.30002394404644,11,3,1,0
6.7584033064,12,3,1,0
4.85545487433257,1,4,1,0
5.01670645328292,2,4,1,0
5.44466074919306,3,4,1,0
5.5426511184446,4,4,1,0
5.78633986949775,5,4,1,0
5.77177487721215,6,4,1,0
6.0254813716132,7,4,1,0
6.47177567335849,8,4,1,0
6.4937678566041,9,4,1,0
6.68875654474893,10,4,1,0
6.99438801136035,11,4,1,0
7.31933355346593,12,4,1,0
5.3324113382841,1,5,1,0
5.46907300088689,2,5,1,0
5.7676139913165,3,5,1,0
6.0128905374798,4,5,1,0
6.03509198985717,5,5,1,0
6.39302551146425,6,5,1,0
6.71535683719716,7,5,1,0
6.7708218204279,8,5,1,0
7.13306215720862,9,5,1,0
7.28712109453431,10,5,1,0
7.22452524796851,11,5,1,0
7.50361432013797,12,5,1,0
5.93097320268028,1,6,1,0
6.09960870072513,2,6,1,0
6.17848240932733,3,6,1,0
6.60795433799376,4,6,1,0
6.80884774265791,5,6,1,0
6.89995336176244,6,6,1,0
7.14837217487349,7,6,1,0
7.41895873414835,8,6,1,0
7.64829233964102,9,6,1,0
7.62394778784231,10,6,1,0
7.81356272531472,11,6,1,0
8.14171375382804,12,6,1,0
3.50052435701939,1,1,2,0
3.66270559632447,2,1,2,0
3.86578422327059,3,1,2,0
3.96857200809662,4,1,2,0
4.19482332964745,5,1,2,0
4.59777174930316,6,1,2,0
4.72845862108946,7,1,2,0
4.81245922702338,8,1,2,0
5.03332345311061,9,1,2,0
5.20396421263853,10,1,2,0
5.4637645950745,11,1,2,0
5.74484324188574,12,1,2,0
3.98407573661572,1,2,2,0
4.42014849656853,2,2,2,0
4.31651569531778,3,2,2,0
4.64244952852775,4,2,2,0
4.6279749838042,5,2,2,0
5.05230476047243,6,2,2,0
5.26876307553035,7,2,2,0
5.32567423548842,8,2,2,0
5.39555075279811,9,2,2,0
5.75678316669226,10,2,2,0
5.87741541885638,11,2,2,0
6.17521614651585,12,2,2,0
4.54650766704012,1,3,2,0
4.75347603171327,2,3,2,0
4.95969595720608,3,3,2,0
5.16663534121528,4,3,2,0
5.36055840260989,5,3,2,0
5.48443741746508,6,3,2,0
5.6887810449283,7,3,2,0
5.82001453991904,8,3,2,0
6.06149465483801,9,3,2,0
6.4040232242299,10,3,2,0
6.39357841283068,11,3,2,0
6.60727550662911,12,3,2,0
4.89591903879284,1,4,2,0
5.25042485488423,2,4,2,0
5.45697384216201,3,4,2,0
5.60721507075873,4,4,2,0
5.81712321303308,5,4,2,0
6.03948197262136,6,4,2,0
6.16275993627098,7,4,2,0
6.45093572029587,8,4,2,0
6.64458861985651,9,4,2,0
6.9319494699097,10,4,2,0
7.03593004671648,11,4,2,0
7.1572122840694,12,4,2,0
5.4403409502771,1,5,2,0
5.70400000059574,2,5,2,0
5.95229108206466,3,5,2,0
6.2573188622239,4,5,2,0
6.59477899463923,5,5,2,0
6.45192402862335,6,5,2,0
6.44789256588207,7,5,2,0
6.8946186592337,8,5,2,0
7.15792051959321,9,5,2,0
7.44858271922438,10,5,2,0
7.76013418772449,11,5,2,0
7.758132118248,12,5,2,0
6.05334338699833,1,6,2,0
6.15345113330309,2,6,2,0
6.58177630547914,3,6,2,0
6.50007240566738,4,6,2,0
6.87367813190171,5,6,2,0
7.12659692787764,6,6,2,0
7.10346646775411,7,6,2,0
7.44009886203485,8,6,2,0
7.66685042377386,9,6,2,0
7.85566235833489,10,6,2,0
7.98326027879132,11,6,2,0
8.29188276235581,12,6,2,0
3.65245436685777,1,1,3,0
3.83152454917542,2,1,3,0
4.18138217931853,3,1,3,0
4.36244410718366,4,1,3,0
4.62693264348675,5,1,3,0
4.58153793404238,6,1,3,0
4.82030032820714,7,1,3,0
5.01754157099898,8,1,3,0
5.41435165991153,9,1,3,0
5.33600132085182,10,1,3,0
5.51034953565747,11,1,3,0
5.76679714325003,12,1,3,0
4.24197065801717,1,2,3,0
4.33280088527349,2,2,3,0
4.45906809513136,3,2,3,0
4.81981932664156,4,2,3,0
4.87550404560229,5,2,3,0
4.98116312694561,6,2,3,0
5.08860341190235,7,2,3,0
5.53509641228846,8,2,3,0
5.71432682327654,9,2,3,0
5.9585236576845,10,2,3,0
6.17764627786617,11,2,3,0
6.27959242854132,12,2,3,0
4.67422367257105,1,3,3,0
4.63768203350409,2,3,3,0
5.04681343048043,3,3,3,0
5.28594134455857,4,3,3,0
5.38382123818086,5,3,3,0
5.71414506364503,6,3,3,0
5.76480339562802,7,3,3,0
5.96839714469722,8,3,3,0
6.05276098852805,9,3,3,0
6.45773116404675,10,3,3,0
6.67758640122058,11,3,3,0
6.79192139250392,12,3,3,0
5.04907825511153,1,4,3,0
5.22102119053381,2,4,3,0
5.48442844684388,3,4,3,0
5.73031835244626,4,4,3,0
6.10377155535866,5,4,3,0
6.26917456734229,6,4,3,0
6.1345384320524,7,4,3,0
6.44470048130985,8,4,3,0
6.73216907092259,9,4,3,0
6.81444822963001,10,4,3,0
7.23326648933139,11,4,3,0
7.21917766829707,12,4,3,0
5.51373491313222,1,5,3,0
5.79802740652585,2,5,3,0
6.00674641533129,3,5,3,0
5.97857282384036,4,5,3,0
6.61335072672605,5,5,3,0
6.5187969064795,6,5,3,0
6.82644203188966,7,5,3,0
6.72546880621727,8,5,3,0
7.26488734926495,9,5,3,0
7.34032542914022,10,5,3,0
7.48632287524786,11,5,3,0
7.88800294415106,12,5,3,0
6.11054434911625,1,6,3,0
6.29062610524072,2,6,3,0
6.31480036095934,3,6,3,0
6.73802041375247,4,6,3,0
6.78816713904979,5,6,3,0
7.00411462014721,6,6,3,0
7.33982445685349,7,6,3,0
7.44934754343436,8,6,3,0
7.70597182520678,9,6,3,0
7.80718431779739,10,6,3,0
8.10758561861816,11,6,3,0
8.2942666435244,12,6,3,0
3.54036372642638,1,1,4,0
3.84414110445018,2,1,4,0
4.00938710886566,3,1,4,0
4.19857086691658,4,1,4,0
4.57853146777727,5,1,4,0
4.76908262500397,6,1,4,0
4.95760486044934,7,1,4,0
5.22528274756708,8,1,4,0
5.53249790764699,9,1,4,0
5.52456170449606,10,1,4,0
5.83916696714209,11,1,4,0
5.71784772067749,12,1,4,0
4.15960862554368,1,2,4,0
4.14303296613238,2,2,4,0
4.63518640548467,3,2,4,0
4.8000518090847,4,2,4,0
4.96373360990877,5,2,4,0
5.21501686808848,6,2,4,0
5.35980037924137,7,2,4,0
5.68838610983982,8,2,4,0
5.62632712655329,9,2,4,0
5.79353016943005,10,2,4,0
6.17138012071589,11,2,4,0
6.20595039618244,12,2,4,0
4.78779059616087,1,3,4,0
4.75865491239306,2,3,4,0
5.02094930394653,3,3,4,0
5.29529639426158,4,3,4,0
5.527631170924,5,3,4,0
5.7039661192996,6,3,4,0
6.02875653830141,7,3,4,0
6.24761888723782,8,3,4,0
6.30018900590936,9,3,4,0
6.44488568450114,10,3,4,0
6.71859330017154,11,3,4,0
6.91778842901697,12,3,4,0
5.20334178096613,1,4,4,0
5.28873417127646,2,4,4,0
5.49651849872517,3,4,4,0
5.7829108099453,4,4,4,0
5.90272997265021,5,4,4,0
6.23558001632059,6,4,4,0
6.41069730519871,7,4,4,0
6.63105058665869,8,4,4,0
6.6683116223212,9,4,4,0
6.87296824098908,10,4,4,0
7.35001857846302,11,4,4,0
7.39281147638045,12,4,4,0
5.57977212078934,1,5,4,0
5.83158191605337,2,5,4,0
6.01572904346214,3,5,4,0
6.29000897662779,4,5,4,0
6.44719197613786,5,5,4,0
6.77414549397298,6,5,4,0
6.91615510323619,7,5,4,0
7.10001096863085,8,5,4,0
7.25717830985968,9,5,4,0
7.48749769586726,10,5,4,0
7.67141249935681,11,5,4,0
8.05439298332137,12,5,4,0
6.16658254585806,1,6,4,0
6.52833684036866,2,6,4,0
6.62594210561626,3,6,4,0
6.788294563372,4,6,4,0
7.12058161299659,5,6,4,0
7.09011216219126,6,6,4,0
7.22086987854298,7,6,4,0
7.52839535392849,8,6,4,0
7.79379562486227,9,6,4,0
8.07782110160359,10,6,4,0
8.13060715240496,11,6,4,0
8.27998869965295,12,6,4,0
3.88472575610098,1,1,5,0
4.07338009647345,2,1,5,0
4.23261297610221,3,1,5,0
4.52470067434077,4,1,5,0
4.5810300468502,5,1,5,0
4.85557077364532,6,1,5,0
5.03707632841166,7,1,5,0
5.22878366333633,8,1,5,0
5.37163551923051,9,1,5,0
5.60187903720567,10,1,5,0
5.85080134120832,11,1,5,0
5.96521345061847,12,1,5,0
4.27505028877257,1,2,5,0
4.44215359646654,2,2,5,0
4.58864488241387,3,2,5,0
4.84826200673855,4,2,5,0
5.33196569674802,5,2,5,0
5.25611640450673,6,2,5,0
5.46391384893909,7,2,5,0
5.84619014749678,8,2,5,0
5.86449832117786,9,2,5,0
6.02991828385016,10,2,5,0
6.27308319385761,11,2,5,0
6.43807220074321,12,2,5,0
4.79560639817036,1,3,5,0
4.83053373379937,2,3,5,0
5.24468991786008,3,3,5,0
5.33251845711732,4,3,5,0
5.60279998858878,5,3,5,0
5.90610545762793,6,3,5,0
5.97051068079677,7,3,5,0
6.21929619213504,8,3,5,0
6.41752110955093,9,3,5,0
6.63822522291397,10,3,5,0
6.82560636953478,11,3,5,0
6.93365806866517,12,3,5,0
5.31846737535022,1,4,5,0
5.50688534824516,2,4,5,0
5.77241357362716,3,4,5,0
5.98868221799872,4,4,5,0
6.32538077652874,5,4,5,0
6.34013874274366,6,4,5,0
6.59629784109013,7,4,5,0
6.87751162335176,8,4,5,0
6.92898450164022,9,4,5,0
7.11892623808668,10,4,5,0
7.42299215447669,11,4,5,0
7.65084457295511,12,4,5,0
5.85775997865278,1,5,5,0
5.94019828843642,2,5,5,0
6.16852801960969,3,5,5,0
6.25135286397453,4,5,5,0
6.55560639811565,5,5,5,0
6.9003846889555,6,5,5,0
7.08945326151998,7,5,5,0
7.14076874036326,8,5,5,0
7.47617899481798,9,5,5,0
7.7331919781062,10,5,5,0
7.9286623275973,11,5,5,0
7.96475643117266,12,5,5,0
6.10991313032768,1,6,5,0
6.58431182827221,2,6,5,0
6.49038466665956,3,6,5,0
6.95651230632316,4,6,5,0
7.09505856534345,5,6,5,0
7.27925214252137,6,6,5,0
7.68642570939018,7,6,5,0
7.74467690489645,8,6,5,0
7.88393153174814,9,6,5,0
7.86800131606944,10,6,5,0
8.26919704579278,11,6,5,0
8.59120610483133,12,6,5,0
3.96767739161385,1,1,6,0
4.22097300389918,2,1,6,0
4.35343961713338,3,1,6,0
4.60403080857455,4,1,6,0
4.71484361897514,5,1,6,0
4.83810451983534,6,1,6,0
5.0770743533053,7,1,6,0
5.22432259264306,8,1,6,0
5.50680220391051,9,1,6,0
5.83173593917694,10,1,6,0
5.88274019505122,11,1,6,0
6.24653243336166,12,1,6,0
4.48586576775951,1,2,6,0
4.4898222474262,2,2,6,0
4.82380007327655,3,2,6,0
4.96360346755311,4,2,6,0
5.36277967932891,5,2,6,0
5.40499433295869,6,2,6,0
5.55127278551269,7,2,6,0
5.67208262213693,8,2,6,0
6.17636653262535,9,2,6,0
6.18826527119347,10,2,6,0
6.29129054446165,11,2,6,0
6.56786845410508,12,2,6,0
4.83024209669249,1,3,6,0
5.09465792089598,2,3,6,0
5.15056966270871,3,3,6,0
5.54464787200028,4,3,6,0
5.67201478426516,5,3,6,0
5.83363994861602,6,3,6,0
6.02873867042467,7,3,6,0
6.43923365436329,8,3,6,0
6.377184302622,9,3,6,0
6.60879943563392,10,3,6,0
7.01309460989629,11,3,6,0
6.96714498992106,12,3,6,0
5.24313762139411,1,4,6,0
5.6352491525188,2,4,6,0
5.7304909268942,3,4,6,0
5.9650271406262,4,4,6,0
6.34335704160353,5,4,6,0
6.4089842617368,6,4,6,0
6.64483903430089,7,4,6,0
7.02535541616019,8,4,6,0
6.88261169886758,9,4,6,0
7.19835710816525,10,4,6,0
7.23948017841198,11,4,6,0
7.56419223639211,12,4,6,0
5.84047839556701,1,5,6,0
6.15158578605392,2,5,6,0
6.29663115929534,3,5,6,0
6.56363429644569,4,5,6,0
6.63716270984714,5,5,6,0
6.84166181901481,6,5,6,0
6.98660906666494,7,5,6,0
7.31723380540213,8,5,6,0
7.57470356288686,9,5,6,0
7.77297057932369,10,5,6,0
8.0481364040468,11,5,6,0
8.06814641197452,12,5,6,0
6.50818703260362,1,6,6,0
6.49467701330769,2,6,6,0
6.5897503342222,3,6,6,0
6.97376432820127,4,6,6,0
7.20822667449339,5,6,6,0
7.28266467478329,6,6,6,0
7.7041489530371,7,6,6,0
7.73216121359717,8,6,6,0
7.93980600539749,9,6,6,0
8.33805792265032,10,6,6,0
8.35239532583793,11,6,6,0
8.61160156702713,12,6,6,0
3.95031882769419,1,1,7,0
4.22540628575944,2,1,7,0
4.40595617771949,3,1,7,0
4.55722494574784,4,1,7,0
4.77638550040442,5,1,7,0
4.93571722023589,6,1,7,0
5.32978852273365,7,1,7,0
5.53176942575209,8,1,7,0
5.72073226334463,9,1,7,0
5.83231560247527,10,1,7,0
5.92618544966942,11,1,7,0
6.09670044073294,12,1,7,0
4.48732913094144,1,2,7,0
4.61647388258962,2,2,7,0
4.83422228434157,3,2,7,0
5.07154957721977,4,2,7,0
5.25090799801037,5,2,7,0
5.33493094882073,6,2,7,0
5.78327807343726,7,2,7,0
5.91464931757322,8,2,7,0
5.97814030934643,9,2,7,0
6.32358618482833,10,2,7,0
6.49942447940364,11,2,7,0
6.66239176425767,12,2,7,0
5.05116658429767,1,3,7,0
5.17065353669999,2,3,7,0
5.52021947748668,3,3,7,0
5.55923341669737,4,3,7,0
5.75227914307488,5,3,7,0
5.83962019807389,6,3,7,0
6.37520176960813,7,3,7,0
6.30318941259461,8,3,7,0
6.56317996808206,9,3,7,0
6.76712318721286,10,3,7,0
6.98756438732321,11,3,7,0
7.12187034764386,12,3,7,0
5.40304601611902,1,4,7,0
5.76793188037795,2,4,7,0
5.96363113274421,3,4,7,0
6.03781599608546,4,4,7,0
6.27021133612068,5,4,7,0
6.46185328665817,6,4,7,0
6.57363657357612,7,4,7,0
6.8800227421386,8,4,7,0
7.20760956254415,9,4,7,0
7.3142076330761,10,4,7,0
7.67535512266132,11,4,7,0
7.59926059516355,12,4,7,0
5.99614204425791,1,5,7,0
6.14313569728289,2,5,7,0
6.38624682039684,3,5,7,0
6.72211491522022,4,5,7,0
6.88801359144826,5,5,7,0
7.07199410658078,6,5,7,0
7.27384755427483,7,5,7,0
7.40641996055072,8,5,7,0
7.5888866041208,9,5,7,0
7.86559304549631,10,5,7,0
7.93339018539393,11,5,7,0
8.30244673605188,12,5,7,0
6.56159950930125,1,6,7,0
6.74468237327604,2,6,7,0
6.94290885507959,3,6,7,0
7.07444225186464,4,6,7,0
7.38041458426509,5,6,7,0
7.42749391508473,6,6,7,0
7.65175537547481,7,6,7,0
7.71211167405764,8,6,7,0
7.96735141193708,9,6,7,0
8.30550605035122,10,6,7,0
8.30023192343682,11,6,7,0
8.76887880491457,12,6,7,0
4.11892262229303,1,1,8,0
4.27575614845509,2,1,8,0
4.72228114320114,3,1,8,0
4.78631051351462,4,1,8,0
4.88883193528277,5,1,8,0
5.17927069124586,6,1,8,0
5.34350919670929,7,1,8,0
5.5158316049778,8,1,8,0
5.73050087790288,9,1,8,0
5.92323550506395,10,1,8,0
5.98960768354383,11,1,8,0
6.39758011327163,12,1,8,0
4.62459073504084,1,2,8,0
4.82772499115237,2,2,8,0
4.84334147894641,3,2,8,0
5.07075108881231,4,2,8,0
5.42909927174241,5,2,8,0
5.65010314126971,6,2,8,0
5.79076787038025,7,2,8,0
5.89687195998612,8,2,8,0
6.04469108279566,9,2,8,0
6.40717064884245,10,2,8,0
6.76851911170178,11,2,8,0
6.79318298327867,12,2,8,0
4.98783120711589,1,3,8,0
5.25860424240034,2,3,8,0
5.53395056354453,3,3,8,0
5.86433493651532,4,3,8,0
5.71273215268718,5,3,8,0
5.94703553793758,6,3,8,0
6.24867621705162,7,3,8,0
6.29745032661364,8,3,8,0
6.71118217177469,9,3,8,0
7.09697762271531,10,3,8,0
7.12751147145789,11,3,8,0
7.4134297754085,12,3,8,0
5.51579182420731,1,4,8,0
5.78017102208598,2,4,8,0
6.03770120222537,3,4,8,0
6.1209760089727,4,4,8,0
6.39291348136841,5,4,8,0
6.66811354094925,6,4,8,0
6.87949564072897,7,4,8,0
7.25796999251226,8,4,8,0
7.28343524354647,9,4,8,0
7.47051308207056,10,4,8,0
7.66822635870657,11,4,8,0
7.73049918185059,12,4,8,0
6.15084869889642,1,5,8,0
6.25140351923967,2,5,8,0
6.41058178396385,3,5,8,0
6.5946094684705,4,5,8,0
6.92055919985375,5,5,8,0
7.13022001601989,6,5,8,0
7.12489785936224,7,5,8,0
7.537946992113,8,5,8,0
7.72711205534124,9,5,8,0
7.86642778736074,10,5,8,0
8.02929691185879,11,5,8,0
8.18302807079545,12,5,8,0
6.54758608008248,1,6,8,0
6.74713471411385,2,6,8,0
7.14946374154072,3,6,8,0
7.2602615547552,4,6,8,0
7.36732355757209,5,6,8,0
7.57915579672591,6,6,8,0
7.7679913043846,7,6,8,0
8.1308938180995,8,6,8,0
8.23614125805659,9,6,8,0
8.37000645383393,10,6,8,0
8.67855487982548,11,6,8,0
9.03347434850169,12,6,8,0
4.16284897674678,1,1,9,0
4.30953471471218,2,1,9,0
4.55378103843873,3,1,9,0
4.67542300306853,4,1,9,0
5.1212743036758,5,1,9,0
5.21620253804195,6,1,9,0
5.30359159481736,7,1,9,0
5.55571093025235,8,1,9,0
5.8030315690249,9,1,9,0
5.92965110427935,10,1,9,0
6.14663187283658,11,1,9,0
6.39853749908002,12,1,9,0
4.81075189538797,1,2,9,0
4.78201849180707,2,2,9,0
4.95217517019326,3,2,9,0
5.12035676939711,4,2,9,0
5.44876518075055,5,2,9,0
5.79860973671837,6,2,9,0
6.00645615908364,7,2,9,0
6.20250246594391,8,2,9,0
6.41352482281922,9,2,9,0
6.58209530866494,10,2,9,0
6.67078101680884,11,2,9,0
6.79795058075711,12,2,9,0
5.15941702342372,1,3,9,0
5.47802773310028,2,3,9,0
5.65665268062838,3,3,9,0
5.93830600045513,4,3,9,0
5.82470215662731,5,3,9,0
6.09255932967932,6,3,9,0
6.47718576121121,7,3,9,0
6.74805741643899,8,3,9,0
6.68659131660024,9,3,9,0
6.94734645969111,10,3,9,0
7.10475260546341,11,3,9,0
7.55627598943484,12,3,9,0
5.78512798133991,1,4,9,0
6.0040602469723,2,4,9,0
6.16475950173545,3,4,9,0
6.51519722051827,4,4,9,0
6.57916339337532,5,4,9,0
6.79703163954067,6,4,9,0
7.02891676846294,7,4,9,0
6.98101626507751,8,4,9,0
7.49734927503643,9,4,9,0
7.5387092626305,10,4,9,0
7.72486261989955,11,4,9,0
8.03022706187003,12,4,9,0
6.24507914501688,1,5,9,0
6.440815819133,2,5,9,0
6.79402024812212,3,5,9,0
6.85572827756405,4,5,9,0
7.01624899697544,5,5,9,0
7.1840466082701,6,5,9,0
7.46768265023425,7,5,9,0
7.50519794381815,8,5,9,0
7.79432506925852,9,5,9,0
7.90545627391311,10,5,9,0
8.24838190338337,11,5,9,0
8.32415387138472,12,5,9,0
6.74507472968299,1,6,9,0
6.80127770778124,2,6,9,0
7.42633230859416,3,6,9,0
7.38935468469922,4,6,9,0
7.57493830377793,5,6,9,0
7.73863352113875,6,6,9,0
7.85076819013379,7,6,9,0
8.15332452805758,8,6,9,0
8.18489718774089,9,6,9,0
8.5381363601236,10,6,9,0
8.68457762405977,11,6,9,0
8.75115796694982,12,6,9,0
4.17884990948106,1,1,10,0
4.57546819928888,2,1,10,0
4.74738679067298,3,1,10,0
4.88967038771386,4,1,10,0
5.10818181315182,5,1,10,0
5.44225832132462,6,1,10,0
5.46233783062632,7,1,10,0
5.71982938101039,8,1,10,0
5.89428801913645,9,1,10,0
5.96779254690158,10,1,10,0
6.28769721337164,11,1,10,0
6.39496686098015,12,1,10,0
4.88584385280334,1,2,10,0
5.0181271749103,2,2,10,0
5.31628085920505,3,2,10,0
5.30717354977305,4,2,10,0
5.52836875233618,5,2,10,0
5.9477956280361,6,2,10,0
5.95352194980532,7,2,10,0
6.0767922076441,8,2,10,0
6.41785323734712,9,2,10,0
6.62141530621497,10,2,10,0
6.84889156947144,11,2,10,0
6.91441347488758,12,2,10,0
5.16195460323173,1,3,10,0
5.71311719207151,2,3,10,0
5.58239369918898,3,3,10,0
6.13246907017455,4,3,10,0
5.90817139001723,5,3,10,0
6.37552758075467,6,3,10,0
6.55322033456386,7,3,10,0
6.71910506615561,8,3,10,0
6.7965075988862,9,3,10,0
7.17002410197772,10,3,10,0
7.27841934060828,11,3,10,0
7.39040331379671,12,3,10,0
5.73902960499676,1,4,10,0
6.14228350417722,2,4,10,0
6.35036199105494,3,4,10,0
6.29801114680231,4,4,10,0
6.53411374664816,5,4,10,0
6.75045550696332,6,4,10,0
7.06476652210487,7,4,10,0
7.03254830199513,8,4,10,0
7.48795664976746,9,4,10,0
7.57827650123394,10,4,10,0
7.83859690103982,11,4,10,0
7.92885278637706,12,4,10,0
6.44032416533328,1,5,10,0
6.34969571716792,2,5,10,0
6.56203633597465,3,5,10,0
6.92191106974203,4,5,10,0
7.180461763281,5,5,10,0
7.36133037379321,6,5,10,0
7.45976008711245,7,5,10,0
7.81886002114689,8,5,10,0
7.85557024795631,9,5,10,0
7.99497762418089,10,5,10,0
8.36500492662473,11,5,10,0
8.47457608864786,12,5,10,0
6.82927465532009,1,6,10,0
6.97035036896089,2,6,10,0
6.9718223504767,3,6,10,0
7.4977344635735,4,6,10,0
7.62630769738032,5,6,10,0
7.8410247688076,6,6,10,0
7.87659751022052,7,6,10,0
8.01871021254042,8,6,10,0
8.42361141651797,9,6,10,0
8.48715625612574,10,6,10,0
8.90008434818087,11,6,10,0
9.03054902851949,12,6,10,0
4.29823959271173,1,1,11,0
4.82654830392418,2,1,11,0
4.75035772027896,3,1,11,0
4.7730307607135,4,1,11,0
5.11807177870147,5,1,11,0
5.43880802627554,6,1,11,0
5.48569733680582,7,1,11,0
5.858460246227,8,1,11,0
6.05430343043852,9,1,11,0
6.15809709393143,10,1,11,0
6.42317109636222,11,1,11,0
6.53831754485976,12,1,11,0
4.92814945127223,1,2,11,0
5.26257434152527,2,2,11,0
5.43586892303972,3,2,11,0
5.48952186778201,4,2,11,0
5.719695490087,5,2,11,0
6.06102382633212,6,2,11,0
6.19324008596809,7,2,11,0
6.38420099137814,8,2,11,0
6.53519383718133,9,2,11,0
6.72044506111461,10,2,11,0
6.92884183057606,11,2,11,0
7.19128920627739,12,2,11,0
5.29785020857091,1,3,11,0
5.61697791489778,2,3,11,0
5.76876247431304,3,3,11,0
6.01163488582597,4,3,11,0
6.38597011787405,5,3,11,0
6.26944863964462,6,3,11,0
6.80818063800469,7,3,11,0
6.79861606072904,8,3,11,0
6.94899947361572,9,3,11,0
7.09761531075812,10,3,11,0
7.25488259179827,11,3,11,0
7.54257906359805,12,3,11,0
6.04244086755946,1,4,11,0
6.11890905834703,2,4,11,0
6.14547045327372,3,4,11,0
6.41080617399482,4,4,11,0
6.42780908160021,5,4,11,0
6.85591331889514,6,4,11,0
7.0486166501534,7,4,11,0
7.15279181660838,8,4,11,0
7.56474726981016,9,4,11,0
7.54164150281278,10,4,11,0
7.9196936194401,11,4,11,0
8.14879208481078,12,4,11,0
6.46249458651828,1,5,11,0
6.8116067531179,2,5,11,0
6.58500410029792,3,5,11,0
6.95608121581831,4,5,11,0
7.40578764197137,5,5,11,0
7.39671339886789,6,5,11,0
7.47930785376177,7,5,11,0
7.67317993720231,8,5,11,0
7.88724729035981,9,5,11,0
8.08258002130974,10,5,11,0
8.4120906974581,11,5,11,0
8.50105894792569,12,5,11,0
6.75910570108567,1,6,11,0
7.07373123728324,2,6,11,0
7.19823489926116,3,6,11,0
7.37320655526618,4,6,11,0
7.52514565519315,5,6,11,0
7.97229436013576,6,6,11,0
8.22653971465828,7,6,11,0
8.40362557560324,8,6,11,0
8.48831183888371,9,6,11,0
8.60515209531555,10,6,11,0
8.94533551513037,11,6,11,0
9.22095164748441,12,6,11,0
4.51865251980482,1,1,12,0
4.61586037403375,2,1,12,0
4.83263399644826,3,1,12,0
5.19890294797905,4,1,12,0
5.36256964907111,5,1,12,0
5.44039619423079,6,1,12,0
5.80951542886527,7,1,12,0
6.00058980199491,8,1,12,0
5.93804275384321,9,1,12,0
6.43086970635958,10,1,12,0
6.55288614200887,11,1,12,0
6.71067639406574,12,1,12,0
5.09670696598982,1,2,12,0
5.32186664500658,2,2,12,0
5.34194316845908,3,2,12,0
5.66502498259052,4,2,12,0
5.96027570613698,5,2,12,0
5.82089442401843,6,2,12,0
6.13154429529668,7,2,12,0
6.33222975780634,8,2,12,0
6.61661577890654,9,2,12,0
6.76710549122648,10,2,12,0
6.87881356700569,11,2,12,0
7.28280184701126,12,2,12,0
5.52017157431713,1,3,12,0
5.7125731846727,2,3,12,0
5.99956753834935,3,3,12,0
6.02299753190521,4,3,12,0
6.43082435999271,5,3,12,0
6.43618118345946,6,3,12,0
6.57782515086201,7,3,12,0
6.94249464712133,8,3,12,0
7.19159260323696,9,3,12,0
7.30554071013456,10,3,12,0
7.38362021317676,11,3,12,0
7.71937720209541,12,3,12,0
6.05340401700025,1,4,12,0
6.18397699404906,2,4,12,0
6.52101761268578,3,4,12,0
6.75069665530211,4,4,12,0
6.81830225974338,5,4,12,0
7.06205611315149,6,4,12,0
7.34799225713717,7,4,12,0
7.39005299794299,8,4,12,0
7.58451506287458,9,4,12,0
7.6776409563968,10,4,12,0
7.74770140776883,11,4,12,0
8.12278006963542,12,4,12,0
6.4756724142079,1,5,12,0
6.47233118976518,2,5,12,0
6.79749013132887,3,5,12,0
7.25530896724512,4,5,12,0
7.32444837148298,5,5,12,0
7.59665254415888,6,5,12,0
7.58672724625424,7,5,12,0
7.94611597093254,8,5,12,0
7.97783398896876,9,5,12,0
8.2213863794478,10,5,12,0
8.51168223285086,11,5,12,0
8.64728739284308,12,5,12,0
6.95639770446028,1,6,12,0
7.21332572713798,2,6,12,0
7.43809630882133,3,6,12,0
7.71477975905127,4,6,12,0
7.93247141019888,5,6,12,0
7.9655947215136,6,6,12,0
8.180934786348,7,6,12,0
8.55938472920908,8,6,12,0
8.6407412065912,9,6,12,0
8.76447310321509,10,6,12,0
9.05988714143444,11,6,12,0
9.48191664117904,12,6,12,0
4.54754608881257,1,1,13,0
4.87052772278575,2,1,13,0
4.88552857941391,3,1,13,0
5.41403868339005,4,1,13,0
5.47097860714668,5,1,13,0
5.42747716668163,6,1,13,0
5.70353460541333,7,1,13,0
5.8797764606904,8,1,13,0
6.3290014745125,9,1,13,0
6.36993633014678,10,1,13,0
6.69477617200844,11,1,13,0
6.70574305094438,12,1,13,0
5.10749634676497,1,2,13,0
5.38091339095467,2,2,13,0
5.60808918882241,3,2,13,0
5.67434627029626,4,2,13,0
5.83471247890229,5,2,13,0
6.10154394394483,6,2,13,0
6.15603103581455,7,2,13,0
6.5418489310724,8,2,13,0
6.96655322287353,9,2,13,0
7.0121297358774,10,2,13,0
7.12122238390339,11,2,13,0
7.51792400511725,12,2,13,0
5.51484780924267,1,3,13,0
5.91763383403518,2,3,13,0
6.05793943706715,3,3,13,0
6.26444480077386,4,3,13,0
6.42057138385059,5,3,13,0
6.6831811226533,6,3,13,0
6.88729706102092,7,3,13,0
6.86892839694576,8,3,13,0
7.39024377877875,9,3,13,0
7.27660855764381,10,3,13,0
7.48242393120944,11,3,13,0
7.68097182314075,12,3,13,0
6.11949438835769,1,4,13,0
6.23463944005855,2,4,13,0
6.49632237442797,3,4,13,0
6.7379191999439,4,4,13,0
6.953190818659,5,4,13,0
7.11310068812204,6,4,13,0
7.09350290023367,7,4,13,0
7.51547411177917,8,4,13,0
7.65668571642988,9,4,13,0
7.80414691813672,10,4,13,0
8.07474705300629,11,4,13,0
8.43403685181748,12,4,13,0
6.46341271605027,1,5,13,0
6.82049794759824,2,5,13,0
6.88798591997234,3,5,13,0
6.99130088524341,4,5,13,0
7.33786023811492,5,5,13,0
7.6549208961806,6,5,13,0
7.66205016325075,7,5,13,0
7.98379892234238,8,5,13,0
8.31215211705996,9,5,13,0
8.37147495669911,10,5,13,0
8.58609446690417,11,5,13,0
8.81281437423691,12,5,13,0
7.23658656426593,1,6,13,0
7.59333895054795,2,6,13,0
7.54483143298813,3,6,13,0
7.67972377293872,4,6,13,0
7.88319937996679,5,6,13,0
8.02663771783823,6,6,13,0
8.31722632987181,7,6,13,0
8.48772094175179,8,6,13,0
8.69947228912085,9,6,13,0
8.8947663695546,10,6,13,0
9.22432571191866,11,6,13,0
9.30598849024602,12,6,13,0
4.72233831384104,1,1,14,0
4.97764140692193,2,1,14,0
5.20685589490801,3,1,14,0
5.25328536570503,4,1,14,0
5.48890153240799,5,1,14,0
5.69481990276672,6,1,14,0
5.97829789918532,7,1,14,0
5.9901439939275,8,1,14,0
6.30718089986134,9,1,14,0
6.47826912699085,10,1,14,0
6.82622803395875,11,1,14,0
6.8290642282076,12,1,14,0
5.17835701982439,1,2,14,0
5.41791652713781,2,2,14,0
5.62996790476804,3,2,14,0
5.96586614889857,4,2,14,0
5.94530099773155,5,2,14,0
6.39934613676481,6,2,14,0
6.41430197336034,7,2,14,0
6.659835902044,8,2,14,0
6.82139681819083,9,2,14,0
6.97312237889635,10,2,14,0
7.206365892999,11,2,14,0
7.47190998026258,12,2,14,0
5.77423109343471,1,3,14,0
5.95727351633532,2,3,14,0
6.1213322946668,3,3,14,0
6.10627609452584,4,3,14,0
6.50335953934496,5,3,14,0
6.702255357647,6,3,14,0
6.98401361456617,7,3,14,0
7.05003128228585,8,3,14,0
7.36454473716577,9,3,14,0
7.54300178653593,10,3,14,0
7.76761720535714,11,3,14,0
7.91678275761919,12,3,14,0
6.28372475746371,1,4,14,0
6.3373260126058,2,4,14,0
6.71459885563099,3,4,14,0
6.8053163771349,4,4,14,0
6.8531944009262,5,4,14,0
7.3269781423321,6,4,14,0
7.50842167431393,7,4,14,0
7.53612705944841,8,4,14,0
7.70923764380666,9,4,14,0
8.02486245259407,10,4,14,0
8.20241520385879,11,4,14,0
8.39205803604921,12,4,14,0
6.65295971126118,1,5,14,0
6.86986157197787,2,5,14,0
7.15584253830075,3,5,14,0
7.35503077383276,4,5,14,0
7.64337854185216,5,5,14,0
7.75047436486365,6,5,14,0
7.81859018980947,7,5,14,0
8.02741633333037,8,5,14,0
8.37182376697248,9,5,14,0
8.53188658972112,10,5,14,0
8.7550857177126,11,5,14,0
9.08599042342791,12,5,14,0
7.27385321510963,1,6,14,0
7.34391052750999,2,6,14,0
7.55658592674149,3,6,14,0
7.75079635898845,4,6,14,0
8.06461396337969,5,6,14,0
8.13275298974328,6,6,14,0
8.34508941379379,7,6,14,0
8.48522402316164,8,6,14,0
8.84944185226266,9,6,14,0
9.12392218133805,10,6,14,0
9.31364070255027,11,6,14,0
9.56331030773178,12,6,14,0
4.76600738880553,1,1,15,0
5.11722292664025,2,1,15,0
5.11232724403094,3,1,15,0
5.68131691620804,4,1,15,0
5.59298718261379,5,1,15,0
5.70270032370263,6,1,15,0
5.76186515831269,7,1,15,0
6.2815182092674,8,1,15,0
6.46807618292248,9,1,15,0
6.51039658451709,10,1,15,0
6.70488258938896,11,1,15,0
6.99307713458987,12,1,15,0
5.32246745721967,1,2,15,0
5.50747998434633,2,2,15,0
5.63266519828606,3,2,15,0
5.95193415077954,4,2,15,0
6.3153694729912,5,2,15,0
6.2669096342848,6,2,15,0
6.20478802716422,7,2,15,0
6.75267351172156,8,2,15,0
6.8148700184047,9,2,15,0
7.01566617713166,10,2,15,0
7.35557620175963,11,2,15,0
7.53615829377386,12,2,15,0
5.94470475052067,1,3,15,0
5.98205880846524,2,3,15,0
6.24707000219606,3,3,15,0
6.23317357531042,4,3,15,0
6.76606787418562,5,3,15,0
6.92515988856627,6,3,15,0
6.97339094465931,7,3,15,0
7.13469517022003,8,3,15,0
7.2719834673005,9,3,15,0
7.46885130005794,10,3,15,0
7.82427495055227,11,3,15,0
7.91446640313574,12,3,15,0
6.34598452065956,1,4,15,0
6.60733049857037,2,4,15,0
6.53389427173777,3,4,15,0
6.85437844923471,4,4,15,0
7.14619575088319,5,4,15,0
7.2935333741257,6,4,15,0
7.34571021497959,7,4,15,0
7.71133591084328,8,4,15,0
7.79925248841365,9,4,15,0
8.19558189010633,10,4,15,0
8.3951476449255,11,4,15,0
8.42769902501834,12,4,15,0
6.7672032356727,1,5,15,0
6.96395737125497,2,5,15,0
7.23009054962516,3,5,15,0
7.52850659104488,4,5,15,0
7.59547717973397,5,5,15,0
7.6888320319324,6,5,15,0
7.9763785804428,7,5,15,0
8.23082679972483,8,5,15,0
8.15920255399516,9,5,15,0
8.59799784886974,10,5,15,0
8.83102564256899,11,5,15,0
8.96032140537923,12,5,15,0
7.28670725035886,1,6,15,0
7.70057802207647,2,6,15,0
7.71098503108406,3,6,15,0
7.96003064050056,4,6,15,0
8.12189106558472,5,6,15,0
8.09138559210773,6,6,15,0
8.67679116965814,7,6,15,0
8.90187129598588,8,6,15,0
8.99860796089489,9,6,15,0
9.08629850991269,10,6,15,0
9.32371564663919,11,6,15,0
9.56455023784283,12,6,15,0
4.93088252856331,1,1,16,0
5.01154770512345,2,1,16,0
5.32555128099055,3,1,16,0
5.48964926021005,4,1,16,0
5.69148873541553,5,1,16,0
5.78937191674003,6,1,16,0
6.14442689726697,7,1,16,0
6.15240104019917,8,1,16,0
6.5565020599068,9,1,16,0
6.55330734505688,10,1,16,0
6.92497641761766,11,1,16,0
7.16530413068855,12,1,16,0
5.47580881856486,1,2,16,0
5.61479849523557,2,2,16,0
5.88845554010295,3,2,16,0
5.96436455253447,4,2,16,0
6.18236123778837,5,2,16,0
6.5819307065399,6,2,16,0
6.5573644473835,7,2,16,0
6.62968058937432,8,2,16,0
6.97327554589701,9,2,16,0
7.27656985312062,10,2,16,0
7.35069005413075,11,2,16,0
7.59915765812164,12,2,16,0
5.99225798520674,1,3,16,0
5.92628022723909,2,3,16,0
6.18369045622542,3,3,16,0
6.82392407964059,4,3,16,0
6.75161713734515,5,3,16,0
6.73044083785112,6,3,16,0
6.98338425966613,7,3,16,0
7.35561821332594,8,3,16,0
7.47842193168438,9,3,16,0
7.81603721868999,10,3,16,0
8.06294629368945,11,3,16,0
8.09335567885921,12,3,16,0
6.44961737744793,1,4,16,0
6.59884903937809,2,4,16,0
6.93750283615014,3,4,16,0
6.83551050420559,4,4,16,0
7.19903303046062,5,4,16,0
7.53301728493328,6,4,16,0
7.67875593771787,7,4,16,0
7.73156524119779,8,4,16,0
7.9783312239218,9,4,16,0
8.33340283984528,10,4,16,0
8.43549708707769,11,4,16,0
8.65520614178524,12,4,16,0
6.82281752881715,1,5,16,0
7.02320298868196,2,5,16,0
7.41983398360655,3,5,16,0
7.49516940862539,4,5,16,0
7.7322536805379,5,5,16,0
8.0042704962484,6,5,16,0
8.068563027633,7,5,16,0
8.52878223494103,8,5,16,0
8.51049554622113,9,5,16,0
8.66799535885935,10,5,16,0
8.8749151556467,11,5,16,0
9.04722012399409,12,5,16,0
7.51977268996207,1,6,16,0
7.67023839386403,2,6,16,0
8.02119724413673,3,6,16,0
8.03187434978782,4,6,16,0
8.13674753479597,5,6,16,0
8.42975855699546,6,6,16,0
8.60201615817351,7,6,16,0
8.82012837164139,8,6,16,0
9.00700010461473,9,6,16,0
9.32358768699705,10,6,16,0
9.39945809525659,11,6,16,0
9.3788012175016,12,6,16,0
3.43951211892877,1,1,1,1
3.57588926209273,2,1,1,1
4.03966618449058,3,1,1,1
4.05370608559643,4,1,1,1
4.45582743661167,5,1,1,1
4.47541520342692,6,1,1,1
4.65602705837963,7,1,1,1
4.76213807129794,8,1,1,1
5.07860724395385,9,1,1,1
5.07953304109273,10,1,1,1
5.46989854481373,11,1,1,1
5.72042918374853,12,1,1,1
4.06525173584642,1,2,1,1
4.13389137666883,2,2,1,1
4.54233621348335,3,2,1,1
4.62848030564271,4,2,1,1
4.84882049450768,5,2,1,1
4.99839448201838,6,2,1,1
5.1366328707979,7,2,1,1
5.32902365352546,8,2,1,1
5.71358124153997,9,2,1,1
5.94481562064968,10,2,1,1
6.00290399067985,11,2,1,1
6.31887499685437,12,2,1,1
4.20821463740789,1,3,1,1
4.77508941442027,2,3,1,1
4.87345586693757,3,3,1,1
5.03060113464008,4,3,1,1
5.0930461799126,5,3,1,1
5.54389071668091,6,3,1,1
5.56623510280177,7,3,1,1
6.00424306744273,8,3,1,1
6.16009654149181,9,3,1,1
6.10072197657738,10,3,1,1
6.63091768810595,11,3,1,1
6.66601555299671,12,3,1,1
5.02365954893542,1,4,1,1
5.07210205205417,2,4,1,1
5.40555806168324,3,4,1,1
5.60456444104438,4,4,1,1
5.76373757442551,5,4,1,1
6.0206344720143,6,4,1,1
6.22276739698568,7,4,1,1
6.27834755833541,8,4,1,1
6.5089387534133,9,4,1,1
6.69593650996519,10,4,1,1
7.30196602653121,11,4,1,1
7.16758183725706,12,4,1,1
5.65089853385572,1,5,1,1
5.64586942604933,2,5,1,1
6.00615049446128,3,5,1,1
6.05760524098434,4,5,1,1
6.36930315197315,5,5,1,1
6.47673309017886,6,5,1,1
6.76132279398013,7,5,1,1
6.90566438345905,8,5,1,1
7.16478923831756,9,5,1,1
7.34295714614964,10,5,1,1
7.45599129287504,11,5,1,1
7.66436560384136,12,5,1,1
6.17807307482035,1,6,1,1
6.3252631957468,2,6,1,1
6.42486227969389,3,6,1,1
6.48762192587313,4,6,1,1
6.6913206886634,5,6,1,1
7.03340480681042,6,6,1,1
7.36556514703139,7,6,1,1
7.47267675093495,8,6,1,1
7.60149795792644,9,6,1,1
7.72146059031451,10,6,1,1
7.93395561291818,11,6,1,1
8.13330730017588,12,6,1,1
3.57835224075045,1,1,2,1
3.668108290753,2,1,2,1
3.92117168282565,3,1,2,1
4.24674782023323,4,1,2,1
4.25248011949107,5,1,2,1
4.52055183062131,6,1,2,1
4.79393454364688,7,1,2,1
4.90105497336091,8,1,2,1
5.18342601675602,9,1,2,1
5.36433294766648,10,1,2,1
5.68468342556147,11,1,2,1
5.62536151711024,12,1,2,1
3.89379566178381,1,2,2,1
4.17037392842284,2,2,2,1
4.41762832748624,3,2,2,1
4.66797303158677,4,2,2,1
5.02109944505585,5,2,2,1
4.99032367438952,6,2,2,1
5.2724484470825,7,2,2,1
5.52342108168158,8,2,2,1
5.59140066856224,9,2,2,1
6.10926954654959,10,2,2,1
6.06394938674132,11,2,2,1
6.35118119866812,12,2,2,1
4.43741392133558,1,3,2,1
4.6439841716729,2,3,2,1
4.93949935051151,3,3,2,1
5.11919901010097,4,3,2,1
5.40581324772601,5,3,2,1
5.59381623215775,6,3,2,1
6.00562862043436,7,3,2,1
5.95139193627031,8,3,2,1
6.25197903209023,9,3,2,1
6.46858028870943,10,3,2,1
6.5389853187737,11,3,2,1
6.6888542987508,12,3,2,1
5.0548385732919,1,4,2,1
5.20324658801358,2,4,2,1
5.52619533911577,3,4,2,1
5.72994806301884,4,4,2,1
5.94267790395831,5,4,2,1
6.11672348869221,6,4,2,1
6.38174876880258,7,4,2,1
6.53807181324394,8,4,2,1
6.72645939406242,9,4,2,1
6.96359625356231,10,4,2,1
7.12461093777174,11,4,2,1
7.11634765272201,12,4,2,1
5.48700585379799,1,5,2,1
5.67565723966383,2,5,2,1
6.08075327175279,3,5,2,1
6.28019650534165,4,5,2,1
6.48336601183351,5,5,2,1
6.73068201222338,6,5,2,1
6.9552243856765,7,5,2,1
6.94733289739321,8,5,2,1
7.21828053493158,9,5,2,1
7.50844671468874,10,5,2,1
7.65970493397732,11,5,2,1
7.88355131260173,12,5,2,1
6.07289344300962,1,6,2,1
5.9766419983874,2,6,2,1
6.538636742538,3,6,2,1
6.6393382964125,4,6,2,1
6.89286246056198,5,6,2,1
7.29945900358135,6,6,2,1
7.11690194723643,7,6,2,1
7.72909756618987,8,6,2,1
7.71935359190978,9,6,2,1
7.82799176310563,10,6,2,1
8.24835795258609,11,6,2,1
8.28207664282601,12,6,2,1
3.6244658165045,1,1,3,1
3.87338368464175,2,1,3,1
4.36356156096686,3,1,3,1
4.23847341063177,4,1,3,1
4.36361983282504,5,1,3,1
4.73705398116098,6,1,3,1
5.05161254570951,7,1,3,1
5.28651992619858,8,1,3,1
5.11236141617393,9,1,3,1
5.62203444797073,10,1,3,1
5.75230762225268,11,1,3,1
5.9138032609347,12,1,3,1
3.98667065856536,1,2,3,1
4.36533494988037,2,2,3,1
4.63268761032328,3,2,3,1
4.78868290416579,4,2,3,1
4.87766408604665,5,2,3,1
5.27507077344533,6,2,3,1
5.45476816370754,7,2,3,1
5.67876170394004,8,2,3,1
5.881656820444,9,2,3,1
6.1909044943539,10,2,3,1
6.1358333267035,11,2,3,1
6.37815653318024,12,2,3,1
4.73731035689827,1,3,3,1
4.78615078804681,2,3,3,1
5.20988800859224,3,3,3,1
5.23561884633219,4,3,3,1
5.49829484432285,5,3,3,1
5.58237142252379,6,3,3,1
5.7928202596417,7,3,3,1
6.0467950965619,8,3,3,1
6.2940512084424,9,3,3,1
6.51537203606536,10,3,3,1
6.60607768398347,11,3,3,1
6.85713429060879,12,3,3,1
5.0456323911208,1,4,3,1
5.33546767005633,2,4,3,1
5.44281509607088,3,4,3,1
5.76767707248546,4,4,3,1
6.10945659202948,5,4,3,1
6.24466282812139,6,4,3,1
6.47120106398161,7,4,3,1
6.49371503668286,8,4,3,1
6.62383464404042,9,4,3,1
6.91440443430037,10,4,3,1
7.29922524961939,11,4,3,1
7.345995788482,12,4,3,1
5.62900407022946,1,5,3,1
5.94043772750163,2,5,3,1
6.09242754700001,3,5,3,1
6.23816236133262,4,5,3,1
6.27993421100322,5,5,3,1
6.72983495166181,6,5,3,1
6.75298433675435,7,5,3,1
7.32201650626523,8,5,3,1
7.32307449340779,9,5,3,1
7.43321152860617,10,5,3,1
7.69716376436096,11,5,3,1
7.93182995860985,12,5,3,1
6.30839479072912,1,6,3,1
6.35012359172824,2,6,3,1
6.58096084550699,3,6,3,1
6.84248124895901,4,6,3,1
7.13136999441033,5,6,3,1
7.38171763381285,6,6,3,1
7.38993930273099,7,6,3,1
7.59633542160191,8,6,3,1
7.88193442231296,9,6,3,1
8.2569811708909,10,6,3,1
8.21235572920153,11,6,3,1
8.41830627266437,12,6,3,1
3.77421192779311,1,1,4,1
3.95551896589832,2,1,4,1
4.2095346336646,3,1,4,1
4.39249456430886,4,1,4,1
4.71170798452321,5,1,4,1
4.68951016257346,6,1,4,1
4.92449606249531,7,1,4,1
5.29416973000147,8,1,4,1
5.54427339206847,9,1,4,1
5.55310214563521,10,1,4,1
5.81511755829282,11,1,4,1
6.01289285368501,12,1,4,1
4.21771262143219,1,2,4,1
4.50036952732749,2,2,4,1
4.63727059715096,3,2,4,1
4.81161700244989,4,2,4,1
5.08422630540755,5,2,4,1
5.29004191981101,6,2,4,1
5.44716088696231,7,2,4,1
5.86608451708561,8,2,4,1
5.97930236617008,9,2,4,1
6.14964813652898,10,2,4,1
6.31408361249886,11,2,4,1
6.58188018967996,12,2,4,1
4.79828009935738,1,3,4,1
5.12406311417321,2,3,4,1
5.2301380800023,3,3,4,1
5.33039405517077,4,3,4,1
5.48977159583075,5,3,4,1
5.76633403055561,6,3,4,1
5.81229195381024,7,3,4,1
6.18133000394361,8,3,4,1
6.3960470792962,9,3,4,1
6.57255092359202,10,3,4,1
6.9287886013607,11,3,4,1
6.82630027380749,12,3,4,1
5.23601897669042,1,4,4,1
5.610606497058,2,4,4,1
5.66490444017503,3,4,4,1
5.92213071719414,4,4,4,1
6.20147239202069,5,4,4,1
6.22504770675219,6,4,4,1
6.46959029718417,7,4,4,1
6.74492424897885,8,4,4,1
6.92726802970309,9,4,4,1
7.15664934030355,10,4,4,1
7.34588811284729,11,4,4,1
7.55136109974694,12,4,4,1
5.68062372660257,1,5,4,1
5.9946925349554,2,5,4,1
6.2369363629307,3,5,4,1
6.39094633600314,4,5,4,1
6.69728555816884,5,5,4,1
6.75690295990054,6,5,4,1
7.1077715157391,7,5,4,1
7.14149295761422,8,5,4,1
7.6920349454704,9,5,4,1
7.64948476537625,10,5,4,1
7.87328726568638,11,5,4,1
8.08646939786406,12,5,4,1
6.38873751954153,1,6,4,1
6.38486022746506,2,6,4,1
6.63441804655722,3,6,4,1
6.87177304835392,4,6,4,1
7.06287726807836,5,6,4,1
7.34857851760687,6,6,4,1
7.4475072196489,7,6,4,1
7.74760525771591,8,6,4,1
7.95544426785834,9,6,4,1
8.19084755562056,10,6,4,1
8.24462157282677,11,6,4,1
8.51712222992118,12,6,4,1
3.95176730773642,1,1,5,1
4.22968854380056,2,1,5,1
4.27719830587576,3,1,5,1
4.51309662755461,4,1,5,1
4.66417697905078,5,1,5,1
4.91278318319379,6,1,5,1
4.98450281227377,7,1,5,1
5.37877155193483,8,1,5,1
5.56897699419531,9,1,5,1
5.77168639389701,10,1,5,1
6.01741296603393,11,1,5,1
6.1478424933494,12,1,5,1
4.6456496027354,1,2,5,1
4.50453952393802,2,2,5,1
4.69842015215272,3,2,5,1
5.15417013817641,4,2,5,1
5.26291845175887,5,2,5,1
5.29860864626125,6,2,5,1
5.53114774661337,7,2,5,1
5.69507138203467,8,2,5,1
5.97453956402695,9,2,5,1
6.09748991841145,10,2,5,1
6.49137668279018,11,2,5,1
6.63035798661691,12,2,5,1
4.93473408898877,1,3,5,1
5.13814537523705,2,3,5,1
5.28895657324761,3,3,5,1
5.46270699743122,4,3,5,1
5.65577406504093,5,3,5,1
5.89010298651163,6,3,5,1
6.07676009240094,7,3,5,1
6.31578001012272,8,3,5,1
6.45262140099178,9,3,5,1
6.80303191783279,10,3,5,1
7.00714221406943,11,3,5,1
7.24091270403521,12,3,5,1
5.55761357254483,1,4,5,1
5.55194692180762,2,4,5,1
5.96764162763814,3,4,5,1
6.09895966015487,4,4,5,1
6.06093975881487,5,4,5,1
6.25627054018595,6,4,5,1
6.66745036948729,7,4,5,1
6.78459276462123,8,4,5,1
6.93185958732204,9,4,5,1
7.26083198267006,10,4,5,1
7.40953384315373,11,4,5,1
7.70366025403757,12,4,5,1
5.81096486575503,1,5,5,1
6.14798211938887,2,5,5,1
6.34423466620438,3,5,5,1
6.51953060058723,4,5,5,1
6.56710283026594,5,5,5,1
6.94731303545728,6,5,5,1
7.08932684803242,7,5,5,1
7.17202296320053,8,5,5,1
7.53743638982695,9,5,5,1
7.69792530153592,10,5,5,1
7.95554659242765,11,5,5,1
8.14239496294419,12,5,5,1
6.4178890609944,1,6,5,1
6.72546116256513,2,6,5,1
6.74760852516484,3,6,5,1
6.83926606493888,4,6,5,1
7.26241902847282,5,6,5,1
7.44077358305916,6,6,5,1
7.38058296654928,7,6,5,1
7.66614382418439,8,6,5,1
8.03300027393852,9,6,5,1
8.29444956339436,10,6,5,1
8.50785234493738,11,6,5,1
8.4387595505214,12,6,5,1
4.09830424073849,1,1,6,1
4.20532181822311,2,1,6,1
4.38594803707986,3,1,6,1
4.56782209004945,4,1,6,1
4.65927762960677,5,1,6,1
5.01372597808134,6,1,6,1
5.46967385387031,7,1,6,1
5.42501858886883,8,1,6,1
5.45730535624636,9,1,6,1
5.93163953090071,10,1,6,1
6.06012326352707,11,1,6,1
6.1143856905734,12,1,6,1
4.5957216466982,1,2,6,1
4.75353500828805,2,2,6,1
4.7009471057309,3,2,6,1
5.18436357897295,4,2,6,1
5.23010699331123,5,2,6,1
5.5075862362977,6,2,6,1
5.50361500780529,7,2,6,1
5.81560979438245,8,2,6,1
6.09757798273454,9,2,6,1
6.31997729625792,10,2,6,1
6.67081147841304,11,2,6,1
6.65502770490614,12,2,6,1
4.86039626439522,1,3,6,1
4.94750318669424,2,3,6,1
5.48643144525135,3,3,6,1
5.65518859807537,4,3,6,1
5.97552616397553,5,3,6,1
5.8667435436115,6,3,6,1
6.34772053351445,7,3,6,1
6.33238452620886,8,3,6,1
6.61985721634155,9,3,6,1
6.5703081922147,10,3,6,1
7.13589416359609,11,3,6,1
7.09975868484486,12,3,6,1
5.5146774985899,1,4,6,1
5.7829276655548,2,4,6,1
5.76200848976101,3,4,6,1
6.23559500995579,4,4,6,1
6.28933469482989,5,4,6,1
6.35919698267739,6,4,6,1
6.70513058912551,7,4,6,1
7.03383747537547,8,4,6,1
7.11149497480321,9,4,6,1
7.33679059761251,10,4,6,1
7.66192760149876,11,4,6,1
7.61293052339353,12,4,6,1
5.96011044395273,1,5,6,1
6.21348174376692,2,5,6,1
6.45094622176391,3,5,6,1
6.48951778884173,4,5,6,1
6.7532445722539,5,5,6,1
7.10811322386222,6,5,6,1
7.24889861442487,7,5,6,1
7.43688880508976,8,5,6,1
7.55746751309399,9,5,6,1
7.70109624253719,10,5,6,1
7.87583257367807,11,5,6,1
8.23721991048397,12,5,6,1
6.47290904236442,1,6,6,1
6.90344685560169,2,6,6,1
6.85204390721024,3,6,6,1
6.9793195350694,4,6,6,1
7.33212588489557,5,6,6,1
7.4890695533005,6,6,6,1
7.87044643955918,7,6,6,1
7.77838136752213,8,6,6,1
7.97021578802736,9,6,6,1
8.24049861306925,10,6,6,1
8.50979242142829,11,6,6,1
8.79611375878738,12,6,6,1
4.2155068209932,1,1,7,1
4.49317315992228,2,1,7,1
4.55580468484366,3,1,7,1
4.72818073047642,4,1,7,1
4.89158807771423,5,1,7,1
4.98306691423344,6,1,7,1
5.280203826012,7,1,7,1
5.58804003197342,8,1,7,1
5.73726938485799,9,1,7,1
6.01873805861504,10,1,7,1
6.09944516886784,11,1,7,1
6.35684383527311,12,1,7,1
4.56344287669472,1,2,7,1
4.88269420814904,2,2,7,1
4.97864404193298,3,2,7,1
5.28456842913421,4,2,7,1
5.42796438399691,5,2,7,1
5.61991718829454,6,2,7,1
5.64979308627881,7,2,7,1
5.98739557403447,8,2,7,1
6.2555124257622,9,2,7,1
6.37220910054073,10,2,7,1
6.64302332912218,11,2,7,1
6.80954246554929,12,2,7,1
5.01059733589036,1,3,7,1
5.26046973326598,2,3,7,1
5.57330285908586,3,3,7,1
5.6516452872273,4,3,7,1
5.83876234809226,5,3,7,1
6.12933596010839,6,3,7,1
6.44479039102058,7,3,7,1
6.54012864400042,8,3,7,1
6.64166513040143,9,3,7,1
6.98902080591603,10,3,7,1
7.07304932422644,11,3,7,1
7.25755492740055,12,3,7,1
5.64432750170104,1,4,7,1
5.82632864301487,2,4,7,1
6.01085084654645,3,4,7,1
6.14096733992285,4,4,7,1
6.27908564536654,5,4,7,1
6.73580054270585,6,4,7,1
6.83580785397289,7,4,7,1
6.99736509033185,8,4,7,1
6.97413619713087,9,4,7,1
7.49061687303908,10,4,7,1
7.39672231088462,11,4,7,1
7.89951694665463,12,4,7,1
6.13087567490877,1,5,7,1
6.27263524422243,2,5,7,1
6.40210726603182,3,5,7,1
6.76859755292422,4,5,7,1
6.79049148132493,5,5,7,1
7.04636188526134,6,5,7,1
7.41294256693477,7,5,7,1
7.61831695572742,8,5,7,1
7.62825541608171,9,5,7,1
7.80453741223141,10,5,7,1
8.13502898732245,11,5,7,1
8.1917409898201,12,5,7,1
6.77990049140326,1,6,7,1
6.81887641192378,2,6,7,1
6.92552895801892,3,6,7,1
7.04928960781482,4,6,7,1
7.36957092346404,5,6,7,1
7.51250929252155,6,6,7,1
7.91774203781038,7,6,7,1
7.97838826012203,8,6,7,1
8.30203324415984,9,6,7,1
8.27438770666185,10,6,7,1
8.70891557902378,11,6,7,1
8.76469085558237,12,6,7,1
4.25400749905206,1,1,8,1
4.40520725058825,2,1,8,1
4.72792069459985,3,1,8,1
4.68042906736634,4,1,8,1
5.03612533594806,5,1,8,1
5.22379853304227,6,1,8,1
5.32571094320786,7,1,8,1
5.71443958720657,8,1,8,1
5.82793904915641,9,1,8,1
5.90311849784849,10,1,8,1
6.25554687500418,11,1,8,1
6.30160303925093,12,1,8,1
4.65035766972472,1,2,8,1
4.92132992340353,2,2,8,1
5.07419689702442,3,2,8,1
5.28431504476067,4,2,8,1
5.65601483419851,5,2,8,1
5.51658627727464,6,2,8,1
5.83319234913143,7,2,8,1
5.92377067802546,8,2,8,1
6.28602686573486,9,2,8,1
6.49290216890026,10,2,8,1
6.6881329215909,11,2,8,1
6.9334463039583,12,2,8,1
5.28331616378359,1,3,8,1
5.27049606141216,2,3,8,1
5.47269055764188,3,3,8,1
5.98002447029361,4,3,8,1
5.99869882727765,5,3,8,1
6.41300204336976,6,3,8,1
6.2767319213407,7,3,8,1
6.67309751057413,8,3,8,1
6.80384018329738,9,3,8,1
6.98611032255246,10,3,8,1
7.17271270488521,11,3,8,1
7.64443769210096,12,3,8,1
5.59392724951222,1,4,8,1
5.89903144838187,2,4,8,1
6.30225246834893,3,4,8,1
6.40617996276201,4,4,8,1
6.67297464157156,5,4,8,1
6.71327186693261,6,4,8,1
7.05196051376389,7,4,8,1
6.9645552508042,8,4,8,1
7.25976131953408,9,4,8,1
7.47004886131686,10,4,8,1
7.70041699366323,11,4,8,1
7.90760523314898,12,4,8,1
6.18037944107439,1,5,8,1
6.29777678281571,2,5,8,1
6.69552250074865,3,5,8,1
6.73434827399673,4,5,8,1
6.9538281261777,5,5,8,1
7.05753444177054,6,5,8,1
7.46655690271029,7,5,8,1
7.55693384169671,8,5,8,1
7.92740594576057,9,5,8,1
8.18501794022098,10,5,8,1
8.25953054094837,11,5,8,1
8.25939871146429,12,5,8,1
6.7289287232339,1,6,8,1
6.79188534904024,2,6,8,1
7.09661565607313,3,6,8,1
7.28033006252903,4,6,8,1
7.35820592716423,5,6,8,1
7.80420588597587,6,6,8,1
7.97063580781547,7,6,8,1
7.93124709310981,8,6,8,1
8.3995014553112,9,6,8,1
8.49378986628076,10,6,8,1
8.70566293902166,11,6,8,1
8.79591771972989,12,6,8,1
4.51620636322087,1,1,9,1
4.2987963096005,2,1,9,1
4.8076222952052,3,1,9,1
4.89634851457414,4,1,9,1
5.03738304288827,5,1,9,1
5.20024112322138,6,1,9,1
5.50706601130118,7,1,9,1
5.83411488111369,8,1,9,1
5.8237871954065,9,1,9,1
6.19000340068681,10,1,9,1
6.18849631025563,11,1,9,1
6.49985182036146,12,1,9,1
4.69588505496852,1,2,9,1
5.14553163171997,2,2,9,1
5.0312732138724,3,2,9,1
5.32195752683996,4,2,9,1
5.55695770781626,5,2,9,1
5.71206066728105,6,2,9,1
6.0704549568434,7,2,9,1
6.0257537994204,8,2,9,1
6.3918559191588,9,2,9,1
6.51490410261294,10,2,9,1
6.7420517955029,11,2,9,1
7.05514087266716,12,2,9,1
5.3955708877266,1,3,9,1
5.38624315855313,2,3,9,1
5.67182314788192,3,3,9,1
5.89970286234212,4,3,9,1
6.29454025014265,5,3,9,1
6.26500586852992,6,3,9,1
6.44027222123955,7,3,9,1
6.67306524328834,8,3,9,1
7.04485082809087,9,3,9,1
7.1673227652679,10,3,9,1
7.20879219553074,11,3,9,1
7.56061999534023,12,3,9,1
5.72489694820352,1,4,9,1
5.93095425844155,2,4,9,1
6.21257591962488,3,4,9,1
6.26917912267518,4,4,9,1
6.64168012256644,5,4,9,1
6.70128373001562,6,4,9,1
7.19117247174794,7,4,9,1
7.00301976140062,8,4,9,1
7.55954300131077,9,4,9,1
7.71025899507777,10,4,9,1
7.68022990053599,11,4,9,1
8.1626310698225,12,4,9,1
6.20110716772713,1,5,9,1
6.30865579465065,2,5,9,1
6.61388028698684,3,5,9,1
6.97463763420256,4,5,9,1
7.11261948968844,5,5,9,1
7.35207102712769,6,5,9,1
7.59165988424442,7,5,9,1
7.78623062191585,8,5,9,1
7.82884399128765,9,5,9,1
8.1377093723761,10,5,9,1
8.13764440695137,11,5,9,1
8.50721608523372,12,5,9,1
6.71383484688072,1,6,9,1
7.01834744057547,2,6,9,1
7.10302754983021,3,6,9,1
7.39699847876385,4,6,9,1
7.66118684154204,5,6,9,1
7.71345017026624,6,6,9,1
7.9034973042334,7,6,9,1
8.14134903070951,8,6,9,1
8.37699970455593,9,6,9,1
8.66636023464137,10,6,9,1
8.72033085924547,11,6,9,1
9.01197845509405,12,6,9,1
4.30262283535319,1,1,10,1
4.58885335555915,2,1,10,1
4.73483617318299,3,1,10,1
4.99871641846838,4,1,10,1
5.28928599389658,5,1,10,1
5.3965960096328,6,1,10,1
5.61280068032568,7,1,10,1
5.59298729624965,8,1,10,1
5.98014529049176,9,1,10,1
6.30190009881654,10,1,10,1
6.39155422756083,11,1,10,1
6.54255961530018,12,1,10,1
4.71052888313948,1,2,10,1
5.09247315669114,2,2,10,1
5.39444145652048,3,2,10,1
5.61446469980748,4,2,10,1
5.69979839671765,5,2,10,1
5.98261924427964,6,2,10,1
6.32834135361137,7,2,10,1
6.14151235986456,8,2,10,1
6.39176585076889,9,2,10,1
6.71148554436043,10,2,10,1
6.95243489284702,11,2,10,1
7.28541657273825,12,2,10,1
5.19572287929434,1,3,10,1
5.62926124624399,2,3,10,1
5.80432237545168,3,3,10,1
6.00114475867581,4,3,10,1
6.16265554205849,5,3,10,1
6.46611570071912,6,3,10,1
6.57712689870581,7,3,10,1
6.8113121834106,8,3,10,1
7.09093748551037,9,3,10,1
7.08937893994088,10,3,10,1
7.42891343963518,11,3,10,1
7.64694434249756,12,3,10,1
6.036884518697,1,4,10,1
6.08568654495106,2,4,10,1
6.29504107503117,3,4,10,1
6.61348442486601,4,4,10,1
6.67811530653758,5,4,10,1
6.92996890398287,6,4,10,1
6.98327679199396,7,4,10,1
7.21700608162811,8,4,10,1
7.56762981870281,9,4,10,1
7.73579781202102,10,4,10,1
7.75900722691567,11,4,10,1
8.08103924363573,12,4,10,1
6.3792598413189,1,5,10,1
6.63384249807408,2,5,10,1
6.86565898303496,3,5,10,1
7.04865890893315,4,5,10,1
7.22570351410884,5,5,10,1
7.4555745563473,6,5,10,1
7.71174811398284,7,5,10,1
7.82541918902017,8,5,10,1
8.01761035968066,9,5,10,1
8.14517925300863,10,5,10,1
8.38980172109372,11,5,10,1
8.70167004912871,12,5,10,1
6.90419277367652,1,6,10,1
7.26235567180411,2,6,10,1
7.30380665718363,3,6,10,1
7.49821518650867,4,6,10,1
7.65339808892282,5,6,10,1
7.76561875841651,6,6,10,1
8.07893454129121,7,6,10,1
8.28140509299981,8,6,10,1
8.57162745556795,9,6,10,1
8.83260639721016,10,6,10,1
8.80525563550419,11,6,10,1
9.16450615147398,12,6,10,1
4.40350473443186,1,1,11,1
4.85484108863011,2,1,11,1
4.90128443956686,3,1,11,1
5.01028430200968,4,1,11,1
5.3777726966558,5,1,11,1
5.79034741247067,6,1,11,1
5.84509784816265,7,1,11,1
5.9618509521268,8,1,11,1
5.9921986497289,9,1,11,1
6.28487429005431,10,1,11,1
6.42832333598406,11,1,11,1
6.66233906665069,12,1,11,1
5.04299213115804,1,2,11,1
5.26526078829933,2,2,11,1
5.2829109314652,3,2,11,1
5.55568463108063,4,2,11,1
5.88791952795151,5,2,11,1
6.09007621584303,6,2,11,1
6.17528032521446,7,2,11,1
6.35548943255105,8,2,11,1
6.66026281742863,9,2,11,1
6.8848456332056,10,2,11,1
7.1142380896984,11,2,11,1
7.20360548802068,12,2,11,1
5.27895890811668,1,3,11,1
5.71077275565485,2,3,11,1
5.92038722458461,3,3,11,1
6.05078979000409,4,3,11,1
6.14449481713868,5,3,11,1
6.57431758924596,6,3,11,1
6.62430195180481,7,3,11,1
6.80993617709961,8,3,11,1
7.18991255880237,9,3,11,1
7.20436903045497,10,3,11,1
7.73491933683179,11,3,11,1
7.55175627474321,12,3,11,1
5.95182101300607,1,4,11,1
6.22858849663818,2,4,11,1
6.43815805347914,3,4,11,1
6.5103066388186,4,4,11,1
6.71369912491793,5,4,11,1
7.02334948749921,6,4,11,1
7.33671637325992,7,4,11,1
7.4801099315574,8,4,11,1
7.7621036988863,9,4,11,1
7.93901039021023,10,4,11,1
8.04828143966051,11,4,11,1
8.13063139224017,12,4,11,1
6.79334395864048,1,5,11,1
6.60402437106025,2,5,11,1
6.91665484817883,3,5,11,1
7.24874776964018,4,5,11,1
7.34597441330074,5,5,11,1
7.49937062618205,6,5,11,1
7.41288875984005,7,5,11,1
7.91315273113955,8,5,11,1
8.13500304979564,9,5,11,1
8.26378957074714,10,5,11,1
8.68901803548066,11,5,11,1
8.62093445155147,12,5,11,1
6.84856405518987,1,6,11,1
7.07867414753657,2,6,11,1
7.55769766546144,3,6,11,1
7.6110991597425,4,6,11,1
7.857913940797,5,6,11,1
7.95374827349732,6,6,11,1
8.31246846010653,7,6,11,1
8.42571474186438,8,6,11,1
8.70628082220009,9,6,11,1
8.66747563720806,10,6,11,1
8.85790218211176,11,6,11,1
9.17057935405598,12,6,11,1
4.6618834611474,1,1,12,1
4.73542833834013,2,1,12,1
5.12947632194607,3,1,12,1
5.24166358758507,4,1,12,1
5.34613193308946,5,1,12,1
5.63393754957488,6,1,12,1
5.79813811368828,7,1,12,1
6.21741346140395,8,1,12,1
6.21955503355483,9,1,12,1
6.47002429927106,10,1,12,1
6.80610327920795,11,1,12,1
6.80336043243297,12,1,12,1
4.89389065865687,1,2,12,1
5.4124777327104,2,2,12,1
5.66452133299453,3,2,12,1
5.60183285590744,4,2,12,1
5.85768616894417,5,2,12,1
6.11512612095515,6,2,12,1
6.3807401542045,7,2,12,1
6.35173131865922,8,2,12,1
6.7433333794976,9,2,12,1
7.08751730063349,10,2,12,1
7.0782880376741,11,2,12,1
7.30258086601824,12,2,12,1
5.70957392617382,1,3,12,1
5.82231824227494,2,3,12,1
6.01277644735899,3,3,12,1
6.22752864807068,4,3,12,1
6.32176822490115,5,3,12,1
6.54275237653184,6,3,12,1
6.71503579636354,7,3,12,1
7.08276836699547,8,3,12,1
7.127989988763,9,3,12,1
7.43279519165756,10,3,12,1
7.56219634688323,11,3,12,1
7.8285441039921,12,3,12,1
6.26570738103538,1,4,12,1
6.33657700873804,2,4,12,1
6.5322313427266,3,4,12,1
6.59934307249102,4,4,12,1
6.84002401175007,5,4,12,1
7.3809777969996,6,4,12,1
7.24322668721051,7,4,12,1
7.57845184559905,8,4,12,1
7.87938069304012,9,4,12,1
8.11673588824027,10,4,12,1
8.21507439480503,11,4,12,1
8.36332534865687,12,4,12,1
6.47869483924321,1,5,12,1
6.84820683987401,2,5,12,1
6.79704212559232,3,5,12,1
7.23264548723099,4,5,12,1
7.43228834522807,5,5,12,1
7.60971334131543,6,5,12,1
7.74551753420592,7,5,12,1
7.95716694239184,8,5,12,1
8.11080952683524,9,5,12,1
8.43564751068625,10,5,12,1
8.58596377394414,11,5,12,1
8.9094304657092,12,5,12,1
7.0876415463661,1,6,12,1
7.30803158499405,2,6,12,1
7.3535384106507,3,6,12,1
7.63371901905293,4,6,12,1
7.73558903850842,5,6,12,1
8.16433429095765,6,6,12,1
8.42431830539345,7,6,12,1
8.4362729370082,8,6,12,1
8.71460507789016,9,6,12,1
8.92289551982561,10,6,12,1
9.13457946872247,11,6,12,1
9.28280641467665,12,6,12,1
4.73612200232182,1,1,13,1
4.79113649359021,2,1,13,1
5.17633918310076,3,1,13,1
5.49419848044494,4,1,13,1
5.41434363765235,5,1,13,1
5.60940629566158,6,1,13,1
5.95405776188674,7,1,13,1
6.2511638199819,8,1,13,1
6.32884002419529,9,1,13,1
6.58078420795259,10,1,13,1
6.66684284755097,11,1,13,1
6.82269467163781,12,1,13,1
5.2265716874812,1,2,13,1
5.43849738774784,2,2,13,1
5.53079023791133,3,2,13,1
5.66371361585997,4,2,13,1
6.1942918249928,5,2,13,1
6.12038725170821,6,2,13,1
6.36596475484785,7,2,13,1
6.22023635397201,8,2,13,1
6.66587540991676,9,2,13,1
7.02270267930778,10,2,13,1
7.15115623886668,11,2,13,1
7.2363210020892,12,2,13,1
5.74727865921446,1,3,13,1
5.91886268245465,2,3,13,1
5.99729919784761,3,3,13,1
6.2483917695258,4,3,13,1
6.33442753672464,5,3,13,1
6.73767139590089,6,3,13,1
6.88616817019711,7,3,13,1
7.15055311550495,8,3,13,1
7.38836874214884,9,3,13,1
7.45974514229562,10,3,13,1
7.60067069655228,11,3,13,1
7.94872257090649,12,3,13,1
6.3547974921843,1,4,13,1
6.52490862107669,2,4,13,1
6.62303229455832,3,4,13,1
6.83250946885131,4,4,13,1
7.08760409110708,5,4,13,1
7.38444265275242,6,4,13,1
7.42645264253141,7,4,13,1
7.67517361832008,8,4,13,1
7.90277941972268,9,4,13,1
8.11575658673925,10,4,13,1
8.24368764222256,11,4,13,1
8.43206302641173,12,4,13,1
6.69549650050724,1,5,13,1
7.01206035232921,2,5,13,1
7.07535045959197,3,5,13,1
7.25808435368678,4,5,13,1
7.51605993418327,5,5,13,1
7.85897943386547,6,5,13,1
7.96273046869088,7,5,13,1
8.14636550382738,8,5,13,1
8.23798827383816,9,5,13,1
8.41466186433556,10,5,13,1
8.72748437892332,11,5,13,1
8.74593165357894,12,5,13,1
7.17706394389953,1,6,13,1
7.34677719964596,2,6,13,1
7.75888040154838,3,6,13,1
7.93389370437018,4,6,13,1
8.0638917147747,5,6,13,1
8.09536763000001,6,6,13,1
8.30431145832527,7,6,13,1
8.43262831846502,8,6,13,1
8.80218696231677,9,6,13,1
9.07082372589524,10,6,13,1
9.0990195146722,11,6,13,1
9.40202680184469,12,6,13,1
4.86233291522559,1,1,14,1
4.91828246955613,2,1,14,1
5.18155169620894,3,1,14,1
5.43545472875314,4,1,14,1
5.49329615641737,5,1,14,1
5.66026887465302,6,1,14,1
6.10088715713642,7,1,14,1
6.20056170331197,8,1,14,1
6.43291954318518,9,1,14,1
6.73661234491581,10,1,14,1
7.06228080459865,11,1,14,1
7.13490433061774,12,1,14,1
5.42452860721227,1,2,14,1
5.53328174451623,2,2,14,1
5.5287988835374,3,2,14,1
5.97749571124588,4,2,14,1
6.24847928830274,5,2,14,1
6.37732217064769,6,2,14,1
6.50923082504788,7,2,14,1
6.77857669402888,8,2,14,1
6.80052300161396,9,2,14,1
7.09803894546762,10,2,14,1
7.34811954972027,11,2,14,1
7.56326053113334,12,2,14,1
5.8284295766089,1,3,14,1
6.06859808388756,2,3,14,1
6.15967566017526,3,3,14,1
6.33064037223505,4,3,14,1
6.65047348642893,5,3,14,1
6.64624616713262,6,3,14,1
7.02586766375904,7,3,14,1
7.29688425954287,8,3,14,1
7.5160669792873,9,3,14,1
7.74932758086773,10,3,14,1
7.73121679520537,11,3,14,1
8.0977513374627,12,3,14,1
6.01851682738539,1,4,14,1
6.48324501092835,2,4,14,1
6.61456506141079,3,4,14,1
6.8361621146354,4,4,14,1
7.06091110251204,5,4,14,1
7.40151380486052,6,4,14,1
7.56706982624923,7,4,14,1
7.79962809310047,8,4,14,1
7.75610033591963,9,4,14,1
8.10040565249363,10,4,14,1
8.38693249912248,11,4,14,1
8.67195119653142,12,4,14,1
6.72946471390227,1,5,14,1
7.18475046741052,2,5,14,1
7.11275994648124,3,5,14,1
7.52654488057697,4,5,14,1
7.53175062446652,5,5,14,1
7.75305734216972,6,5,14,1
8.10192090717016,7,5,14,1
8.17419333642952,8,5,14,1
8.53488627151215,9,5,14,1
8.51025461611257,10,5,14,1
8.76504924348204,11,5,14,1
8.94926816497022,12,5,14,1
7.20116078858572,1,6,14,1
7.49300313173602,2,6,14,1
7.60195506649976,3,6,14,1
8.00416073681941,4,6,14,1
8.00776112695184,5,6,14,1
8.21952494227576,6,6,14,1
8.60446421178396,7,6,14,1
8.76089492851645,8,6,14,1
8.91741288094377,9,6,14,1
8.94733574803713,10,6,14,1
9.25214038601568,11,6,14,1
9.49628290869373,12,6,14,1
4.95426775102637,1,1,15,1
5.00410999331144,2,1,15,1
5.33762572203494,3,1,15,1
5.59096063256375,4,1,15,1
5.70075482010508,5,1,15,1
5.93463340525544,6,1,15,1
5.96145469975366,7,1,15,1
6.23913174238897,8,1,15,1
6.47272047980672,9,1,15,1
6.63752163922931,10,1,15,1
6.84510797026819,11,1,15,1
7.07993414351305,12,1,15,1
5.46011669972931,1,2,15,1
5.67484216338056,2,2,15,1
5.72353312435,3,2,15,1
5.8958969407746,4,2,15,1
6.17652259404277,5,2,15,1
6.55972168348077,6,2,15,1
6.54780460969882,7,2,15,1
6.69665507816753,8,2,15,1
6.98887296727404,9,2,15,1
7.25344285133579,10,2,15,1
7.37359720290084,11,2,15,1
7.65950069007689,12,2,15,1
5.83197397296107,1,3,15,1
6.03889297517121,2,3,15,1
6.38045130705582,3,3,15,1
6.51712257232898,4,3,15,1
6.69757855613026,5,3,15,1
6.75897341564703,6,3,15,1
7.15341486027107,7,3,15,1
7.18702055972949,8,3,15,1
7.46636673487119,9,3,15,1
7.81151899309199,10,3,15,1
7.99290097086722,11,3,15,1
8.26578239313971,12,3,15,1
6.21691041767609,1,4,15,1
6.70798116355136,2,4,15,1
6.76333758512721,3,4,15,1
6.98945045915381,4,4,15,1
7.19053810497168,5,4,15,1
7.48307696113715,6,4,15,1
7.46687666356964,7,4,15,1
7.66646453035218,8,4,15,1
8.11311936868015,9,4,15,1
8.18406849475382,10,4,15,1
8.39881201029961,11,4,15,1
8.6261226230971,12,4,15,1
7.21600783803009,1,5,15,1
7.17140798435786,2,5,15,1
7.21560566808488,3,5,15,1
7.43368071903756,4,5,15,1
7.63745899168364,5,5,15,1
7.98295588508535,6,5,15,1
8.2562785093697,7,5,15,1
8.3521619919103,8,5,15,1
8.28633087204428,9,5,15,1
8.65425853875167,10,5,15,1
8.94186598296017,11,5,15,1
8.93067600275063,12,5,15,1
7.35312241898003,1,6,15,1
7.52714605793282,2,6,15,1
7.73409995287015,3,6,15,1
8.05478950171664,4,6,15,1
8.1398989060111,5,6,15,1
8.4588789844016,6,6,15,1
8.4529633233711,7,6,15,1
8.80889458492168,8,6,15,1
8.95704492907305,9,6,15,1
9.420513233932,10,6,15,1
9.29420541805049,11,6,15,1
9.46266939986262,12,6,15,1
4.93577905612054,1,1,16,1
5.15386741045338,2,1,16,1
5.38280235919146,3,1,16,1
5.55069142198869,4,1,16,1
5.83827321898579,5,1,16,1
6.03808367082149,6,1,16,1
6.16881740367858,7,1,16,1
6.3460414972298,8,1,16,1
6.68165132613956,9,1,16,1
6.89380355055998,10,1,16,1
6.92452978007997,11,1,16,1
7.10445843685558,12,1,16,1
5.59977011223892,1,2,16,1
5.71764673307412,2,2,16,1
6.05889377500996,3,2,16,1
6.05741849751946,4,2,16,1
6.4845962673872,5,2,16,1
6.54493351848564,6,2,16,1
6.65373840542143,7,2,16,1
6.78478489535604,8,2,16,1
7.02225758479577,9,2,16,1
7.29313183735818,10,2,16,1
7.5094716509133,11,2,16,1
7.41916048457936,12,2,16,1
6.06661485732758,1,3,16,1
6.25850939120053,2,3,16,1
6.57246007842057,3,3,16,1
6.68038398813532,4,3,16,1
6.82903479096318,5,3,16,1
7.1854849996381,6,3,16,1
7.19686327487773,7,3,16,1
7.23595945195089,8,3,16,1
7.70261302935074,9,3,16,1
7.6633748105328,10,3,16,1
7.9663952304536,11,3,16,1
8.20880310719185,12,3,16,1
6.5022448029882,1,4,16,1
6.51891284226412,2,4,16,1
6.9090846845201,3,4,16,1
7.00640135549187,4,4,16,1
7.46526655795186,5,4,16,1
7.3571103817984,6,4,16,1
7.57164906731306,7,4,16,1
7.74501723481149,8,4,16,1
8.07868555012036,9,4,16,1
8.22465518208119,10,4,16,1
8.36988274116558,11,4,16,1
8.81904716641527,12,4,16,1
6.99996048570179,1,5,16,1
7.28475166176485,2,5,16,1
7.335055103159,3,5,16,1
7.40860876181722,4,5,16,1
7.75998556031993,5,5,16,1
8.06218859089862,6,5,16,1
8.25968262270333,7,5,16,1
8.62639955609067,8,5,16,1
8.60778010385077,9,5,16,1
8.86501379938604,10,5,16,1
8.9494201111775,11,5,16,1
9.2126408514007,12,5,16,1
7.58836742733329,1,6,16,1
7.72967247211555,2,6,16,1
7.91325970464587,3,6,16,1
8.21924112406631,4,6,16,1
8.25416070081831,5,6,16,1
8.57203614464703,6,6,16,1
8.71090977100168,7,6,16,1
8.79069050544104,8,6,16,1
9.14597209335018,9,6,16,1
9.18980757408286,10,6,16,1
9.58349682439737,11,6,16,1
9.73770981335241,12,6,16,1
