"PEP_ID","year","lat","long","growth","frz","fs","total","events","freq"
37,1987,54.02,10.57,1,0,0,1,0,0
43,1975,54,10.67,1,0,0,1,0,0
52,1977,54.15,10.68,1,0,0,1,0,0
57,1955,54.7,9.55,1,0,0,2,0,0
57,1964,54.7,9.55,1,0,0,2,0,0
70,1983,54.73,9.5,1,0,0,1,0,0
84,1975,54.73,9.73,1,0,0,1,0,0
108,1956,53.65,10.82,1,0,0,1,0,0
173,1989,53.73,9.88,1,0,0,2,0,0
173,1990,53.73,9.88,1,0,0,2,0,0
215,1966,54.23,9.67,1,0,0,1,0,0
230,1957,54.6,9.57,1,0,0,1,0,0
232,1986,54.62,9.83,1,0,0,1,0,0
247,1951,54.35,9.22,1,0,0,1,0,0
253,1965,53.77,9.92,1,0,0,1,0,0
271,1964,53.78,9.98,1,0,0,3,0,0
271,1968,53.78,9.98,1,0,0,3,0,0
271,1969,53.78,9.98,1,0,0,3,0,0
272,1968,53.95,10.22,1,0,0,1,0,0
287,1981,53.92,9.37,1,0,0,1,0,0
309,1978,54,9.27,1,0,0,1,0,0
321,1959,53.95,9.15,1,0,0,1,0,0
334,1958,53.65,10.18,1,0,0,1,0,0
336,1952,53.58,9.77,1,0,0,1,0,0
384,1952,52.92,8.82,1,0,0,1,0,0
416,1966,52.32,9.8,1,0,0,1,0,0
417,1952,52.3,9.8,1,0,0,1,0,0
427,1951,52.4,9.45,1,0,0,1,0,0
442,1977,52.42,8.75,1,0,0,1,0,0
465,1986,52.22,9.15,1,0,0,1,0,0
491,1960,51.98,9.78,1,0,0,3,0,0
491,1961,51.98,9.78,1,0,0,3,0,0
491,1964,51.98,9.78,1,0,0,3,0,0
496,1963,51.57,10.32,1,0,0,1,0,0
498,1966,51.5,10.18,1,0,0,1,0,0
517,1956,52.1,10.17,1,0,0,1,0,0
547,1959,51.58,9.75,1,0,0,1,0,0
568,1951,51.6,10.55,1,0,0,1,0,0
573,1964,52.38,10.27,1,0,0,1,0,0
578,1959,52.3,10.32,1,0,0,1,0,0
582,1960,51.87,10.33,1,0,0,3,0,0
582,1961,51.87,10.33,1,0,0,3,0,0
582,1975,51.87,10.33,1,0,0,3,0,0
593,1981,52.45,10,1,0,0,1,0,0
594,1957,52.58,9.75,1,0,0,1,0,0
629,1963,52.82,9.93,1,0,0,1,0,0
640,1989,52.95,9.53,1,0,0,1,0,0
648,1962,52.42,10.72,1,0,0,1,0,0
654,1986,52.38,10.55,1,0,0,1,0,0
670,1988,52.67,10.85,1,0,0,1,0,0
702,1957,53.23,9.67,1,0,0,1,0,0
707,1959,53.1,11.1,1,0,0,5,0,0
707,1961,53.1,11.1,1,0,0,5,0,0
707,1964,53.1,11.1,1,0,0,5,0,0
707,1965,53.1,11.1,1,0,0,5,0,0
707,1967,53.1,11.1,1,0,0,5,0,0
715,1952,53.15,11,1,0,0,1,0,0
753,1958,53.08,10,1,0,0,1,0,0
756,1957,53.08,9.85,1,0,0,1,0,0
773,1961,52.95,10.83,1,0,0,1,0,0
784,1969,52.8,10.63,1,0,0,1,0,0
792,1956,53.07,10.45,1,0,0,1,0,0
833,1975,53.22,8.8,1,0,0,2,0,0
833,1978,53.22,8.8,1,0,0,2,0,0
851,1957,53.12,9.17,1,0,0,1,0,0
855,1966,53.57,9.52,1,0,0,1,0,0
859,1983,53.68,9.43,1,0,0,1,0,0
898,1969,53.68,8.68,1,0,0,1,0,0
901,1963,53.4,8.78,1,0,0,1,0,0
938,1958,52.28,7.28,1,0,0,1,0,0
956,1958,52.2,8.35,1,0,0,3,0,0
956,1960,52.2,8.35,1,0,0,3,0,0
956,1961,52.2,8.35,1,0,0,3,0,0
971,1966,52.2,7.97,1,0,0,1,0,0
987,1962,52.32,8.37,1,0,0,1,0,0
998,1955,53.55,7.62,1,0,0,1,0,0
1063,1965,51.67,10.67,1,0,0,1,0,0
1073,1958,51.78,9.98,1,0,0,2,0,0
1073,1961,51.78,9.98,1,0,0,2,0,0
1114,1962,52.18,10.85,1,0,0,1,0,0
1118,1961,51.88,10.55,1,0,0,2,0,0
1118,1965,51.88,10.55,1,0,0,2,0,0
1122,1988,52.13,10.7,1,0,0,1,0,0
1127,1966,52.17,10.55,1,0,0,1,0,0
1139,1971,53.25,8.1,1,0,0,1,0,0
1146,1959,53.1,7.9,1,0,0,1,0,0
1149,1966,52.82,8.12,1,0,0,1,0,0
1184,1957,52.95,8.22,1,0,0,1,0,0
1216,1956,53.08,8.93,1,0,0,1,0,0
1237,1984,51.18,7.22,1,0,0,1,0,0
1251,1976,51.25,6.98,1,0,0,1,0,0
1287,1972,51.78,6.02,1,0,0,1,0,0
1293,1963,51.68,6.55,1,0,0,1,0,0
1308,1961,51.48,6.77,1,0,0,1,0,0
1335,1976,51.65,6.62,1,0,0,1,0,0
1352,1978,50.7,7.17,1,0,0,1,0,0
1359,1955,50.57,6.77,1,0,0,1,0,0
1422,1955,50.78,7.28,1,0,0,1,0,0
1429,1957,50.92,7.25,1,0,0,1,0,0
1456,1986,51.08,6.32,1,0,0,1,0,0
1457,1965,51.05,6.23,1,0,0,1,0,0
1460,1964,51.08,6.42,1,0,0,1,0,0
1480,1953,50.38,6.73,1,0,0,1,0,0
1495,1958,50.47,6.72,1,0,0,1,0,0
1500,1986,50.98,6,1,0,0,1,0,0
1506,1978,51.97,7.63,1,0,0,3,0,0
1506,1982,51.97,7.63,1,0,0,3,0,0
1506,1984,51.97,7.63,1,0,0,3,0,0
1513,1962,52.03,7.1,1,0,0,1,0,0
1567,1971,52.13,7.23,1,0,0,1,0,0
1570,1963,52.2,7.32,1,0,0,1,0,0
1581,1969,52.32,7.88,1,0,0,1,0,0
1696,1967,52.23,8.85,1,0,0,1,0,0
1711,1963,51.48,9.15,1,0,0,1,0,0
1718,1968,51.58,9.03,1,0,0,1,0,0
1730,1958,51.92,8.57,1,0,0,1,0,0
1756,1989,51.32,8.07,1,0,0,1,0,0
1758,1960,51.45,8.35,1,0,0,3,0,0
1758,1961,51.45,8.35,1,0,0,3,0,0
1758,1962,51.45,8.35,1,0,0,3,0,0
1760,1986,51.2,8.53,1,0,0,2,0,0
1760,1989,51.2,8.53,1,0,0,2,0,0
1761,1981,51.33,8.55,1,0,0,1,0,0
1764,1958,51.32,8.5,1,0,0,1,0,0
1765,1979,51.12,8.63,1,0,0,2,0,0
1765,1984,51.12,8.63,1,0,0,2,0,0
1768,1962,51.2,8.7,1,0,0,3,0,0
1768,1965,51.2,8.7,1,0,0,3,0,0
1768,1971,51.2,8.7,1,0,0,3,0,0
1797,1961,51.33,8.22,1,0,0,1,0,0
1832,1957,50.92,8.1,1,0,0,1,0,0
1840,1987,51.5,8.13,1,0,0,1,0,0
1847,1953,50.93,8.42,1,0,0,3,0,0
1847,1957,50.93,8.42,1,0,0,3,0,0
1847,1964,50.93,8.42,1,0,0,3,0,0
1849,1966,51.12,8.47,1,0,0,1,0,0
1852,1951,51.1,8.5,1,0,0,1,0,0
1854,1960,50.92,8.37,1,0,0,1,0,0
1868,1958,51.55,7.22,1,0,0,1,0,0
1872,1963,51.3,7.37,1,0,0,1,0,0
1873,1955,51.32,7.33,1,0,0,1,0,0
1899,1964,50.58,8.67,1,0,0,1,0,0
1909,1958,50.77,9.12,1,0,0,1,0,0
1914,1952,50.65,9.2,1,0,0,5,0,0
1914,1953,50.65,9.2,1,0,0,5,0,0
1914,1956,50.65,9.2,1,0,0,5,0,0
1914,1960,50.65,9.2,1,0,0,5,0,0
1914,1966,50.65,9.2,1,0,0,5,0,0
1933,1964,50.33,9.07,1,0,0,1,0,0
1937,1956,50.27,9.1,1,0,0,2,0,0
1937,1962,50.27,9.1,1,0,0,2,0,0
1955,1982,49.87,9.02,1,0,0,1,0,0
1959,1962,49.83,8.9,1,0,0,1,0,0
1966,1959,49.62,9.05,1,0,0,1,0,0
1993,1962,50.32,8.85,1,0,0,1,0,0
2008,1951,50.55,8.98,1,0,0,1,0,0
2028,1979,50.53,9.33,1,0,0,2,0,0
2028,1984,50.53,9.33,1,0,0,2,0,0
2086,1955,51.13,9.28,1,0,0,2,0,0
2086,1964,51.13,9.28,1,0,0,2,0,0
2100,1982,50.45,9.92,1,0,0,7,0,0
2100,1983,50.45,9.92,1,0,0,7,0,0
2100,1984,50.45,9.92,1,0,0,7,0,0
2100,1985,50.45,9.92,1,0,0,7,0,0
2100,1986,50.45,9.92,1,0,0,7,0,0
2100,1987,50.45,9.92,1,0,0,7,0,0
2100,1988,50.45,9.92,1,0,0,7,0,0
2140,1990,51.4,9.47,1,0,0,1,0,0
2171,1974,51.27,9.42,1,0,0,1,0,0
2234,1969,51.05,9.07,1,0,0,1,0,0
2240,1974,51.17,8.83,1,0,0,1,0,0
2342,1968,50.2,9.18,1,0,0,1,0,0
2371,1983,50.22,8.45,1,0,0,1,0,0
2383,1967,50.23,8.62,1,0,0,1,0,0
2390,1975,49.98,7.97,1,0,0,1,0,0
2418,1990,50.15,8.07,1,0,0,1,0,0
2464,1955,50.58,7.23,1,0,0,2,0,0
2464,1961,50.58,7.23,1,0,0,2,0,0
2472,1957,50.68,7.63,1,0,0,1,0,0
2478,1982,50.6,7.52,1,0,0,1,0,0
2481,1959,50.83,7.93,1,0,0,1,0,0
2490,1984,49.62,7.18,1,0,0,1,0,0
2493,1960,49.62,7.47,1,0,0,1,0,0
2498,1962,49.73,7.4,1,0,0,1,0,0
2500,1958,50.13,7.23,1,0,0,2,0,0
2500,1967,50.13,7.23,1,0,0,2,0,0
2519,1956,49.82,7.72,1,0,0,1,0,0
2569,1974,49.75,6.67,1,0,0,2,0,0
2569,1975,49.75,6.67,1,0,0,2,0,0
2571,1972,49.77,6.62,1,0,0,1,0,0
2579,1967,49.85,7.05,1,0,0,1,0,0
2587,1960,49.97,6.53,1,0,0,2,0,0
2587,1962,49.97,6.53,1,0,0,2,0,0
2590,1956,50.02,6.28,1,0,0,1,0,0
2603,1977,50.15,6.7,1,0,0,2,0,0
2603,1981,50.15,6.7,1,0,0,2,0,0
2615,1959,50.2,6.42,1,0,0,2,0,0
2615,1960,50.2,6.42,1,0,0,2,0,0
2626,1978,50.13,6.35,1,0,0,1,0,0
2636,1985,49.85,6.63,1,0,0,1,0,0
2647,1958,49.73,6.68,1,0,0,1,0,0
2670,1959,50.57,7.97,1,0,0,1,0,0
2678,1958,50.3,7.6,1,0,0,1,0,0
2709,1977,49.95,7.92,1,0,0,1,0,0
2712,1977,49.93,8.1,1,0,0,1,0,0
2728,1964,49.45,7.77,1,0,0,1,0,0
2740,1959,49.03,8,1,0,0,1,0,0
2748,1957,49.07,8.12,1,0,0,1,0,0
2750,1954,49.08,8.2,1,0,0,2,0,0
2750,1956,49.08,8.2,1,0,0,2,0,0
2752,1982,49.12,8.15,1,0,0,1,0,0
2762,1956,49.58,7.7,1,0,0,1,0,0
2769,1958,49.6,8.05,1,0,0,1,0,0
2775,1965,49.43,7.37,1,0,0,1,0,0
2778,1952,49.55,7.4,1,0,0,2,0,0
2778,1953,49.55,7.4,1,0,0,2,0,0
2787,1957,49.15,8.22,1,0,0,2,0,0
2787,1960,49.15,8.22,1,0,0,2,0,0
2842,1971,48.72,9.22,1,0,0,6,0,0
2842,1972,48.72,9.22,1,0,0,6,0,0
2842,1982,48.72,9.22,1,0,0,6,0,0
2842,1983,48.72,9.22,1,0,0,6,0,0
2842,1987,48.72,9.22,1,0,0,6,0,0
2842,1988,48.72,9.22,1,0,0,6,0,0
2861,1951,48.87,10.12,1,0,0,1,0,0
2865,1960,49,9.77,1,0,0,1,0,0
2868,1961,48.95,9.85,1,0,0,1,0,0
2875,1982,48.52,8.83,1,0,0,1,0,0
2889,1957,49.2,9.98,1,0,0,1,0,0
2903,1967,48.58,9.7,1,0,0,1,0,0
2907,1959,48.73,9.72,1,0,0,1,0,0
2908,1962,48.68,9.52,1,0,0,3,0,0
2908,1963,48.68,9.52,1,0,0,3,0,0
2908,1964,48.68,9.52,1,0,0,3,0,0
2909,1960,48.65,9.87,1,0,0,1,0,0
2911,1962,48.57,9.63,1,0,0,1,0,0
2937,1982,49.15,9.28,1,0,0,1,0,0
2945,1990,49.32,9.73,1,0,0,1,0,0
2951,1978,48.8,9.02,1,0,0,1,0,0
2956,1952,48.75,8.87,1,0,0,6,0,0
2956,1955,48.75,8.87,1,0,0,6,0,0
2956,1963,48.75,8.87,1,0,0,6,0,0
2956,1964,48.75,8.87,1,0,0,6,0,0
2956,1965,48.75,8.87,1,0,0,6,0,0
2956,1968,48.75,8.87,1,0,0,6,0,0
2962,1958,49.03,9.15,1,0,0,2,0,0
2962,1959,49.03,9.15,1,0,0,2,0,0
2968,1961,49.47,10.03,1,0,0,2,0,0
2968,1965,49.47,10.03,1,0,0,2,0,0
2976,1981,49.48,9.77,1,0,0,1,0,0
3000,1990,49.25,9.57,1,0,0,1,0,0
3001,1951,48.8,9.93,1,0,0,1,0,0
3014,1977,49.08,9.88,1,0,0,3,0,0
3014,1986,49.08,9.88,1,0,0,3,0,0
3014,1988,49.08,9.88,1,0,0,3,0,0
3018,1954,48.5,10.12,1,0,0,1,0,0
3033,1981,48.93,9.63,1,0,0,1,0,0
3040,1953,48.88,9.65,1,0,0,1,0,0
3055,1957,49.22,8.63,1,0,0,2,0,0
3055,1964,49.22,8.63,1,0,0,2,0,0
3078,1952,49.58,9.37,1,0,0,1,0,0
3091,1955,49.27,8.75,1,0,0,1,0,0
3092,1953,49.38,8.88,1,0,0,1,0,0
3117,1966,49.52,8.67,1,0,0,1,0,0
3119,1956,49.38,8.57,1,0,0,2,0,0
3119,1957,49.38,8.57,1,0,0,2,0,0
3120,1952,49.55,8.68,1,0,0,1,0,0
3126,1981,49.3,9.28,1,0,0,1,0,0
3132,1955,48.95,8.62,1,0,0,2,0,0
3132,1958,48.95,8.62,1,0,0,2,0,0
3147,1952,49.2,8.85,1,0,0,4,0,0
3147,1954,49.2,8.85,1,0,0,4,0,0
3147,1955,49.2,8.85,1,0,0,4,0,0
3147,1956,49.2,8.85,1,0,0,4,0,0
3157,1970,49.23,8.9,1,0,0,1,0,0
3164,1959,49.55,9.63,1,0,0,1,0,0
3173,1954,48.77,8.25,1,0,0,3,0,0
3173,1955,48.77,8.25,1,0,0,3,0,0
3173,1960,48.77,8.25,1,0,0,3,0,0
3187,1957,47.95,8.5,1,0,0,1,0,0
3191,1964,47.9,8.5,1,0,0,1,0,0
3204,1964,48.18,8.1,1,0,0,1,0,0
3206,1964,48.1,7.97,1,0,0,1,0,0
3213,1971,48.08,7.63,1,0,0,3,0,0
3213,1989,48.08,7.63,1,0,0,3,0,0
3213,1990,48.08,7.63,1,0,0,3,0,0
3222,1957,48.58,7.82,1,0,0,2,0,0
3222,1970,48.58,7.82,1,0,0,2,0,0
3234,1968,47.77,8.83,1,0,0,1,0,0
3251,1970,47.78,7.9,1,0,0,2,0,0
3251,1971,47.78,7.9,1,0,0,2,0,0
3256,1961,47.78,7.6,1,0,0,1,0,0
3261,1973,47.82,7.57,1,0,0,1,0,0
3264,1961,47.8,8.03,1,0,0,4,0,0
3264,1965,47.8,8.03,1,0,0,4,0,0
3264,1978,47.8,8.03,1,0,0,4,0,0
3264,1979,47.8,8.03,1,0,0,4,0,0
3275,1962,47.88,8.3,1,0,0,1,0,0
3288,1954,48.68,8.37,1,0,0,1,0,0
3299,1959,47.67,8.03,1,0,0,1,0,0
3300,1954,47.73,8,1,0,0,1,0,0
3305,1957,48.13,8.97,1,0,0,1,0,0
3312,1967,47.9,9.35,1,0,0,1,0,0
3313,1964,47.82,9.32,1,0,0,1,0,0
3322,1966,48.12,8.33,1,0,0,2,0,0
3322,1974,48.12,8.33,1,0,0,2,0,0
3360,1961,48.02,9.65,1,0,0,1,0,0
3378,1955,48.28,9.72,1,0,0,1,0,0
3388,1986,48.47,8.43,1,0,0,1,0,0
3396,1973,48.32,9.07,1,0,0,2,0,0
3396,1986,48.32,9.07,1,0,0,2,0,0
3422,1960,48.4,9.2,1,0,0,2,0,0
3422,1967,48.4,9.2,1,0,0,2,0,0
3428,1954,48.22,8.5,1,0,0,3,0,0
3428,1964,48.22,8.5,1,0,0,3,0,0
3428,1968,48.22,8.5,1,0,0,3,0,0
3455,1974,48.13,9.13,1,0,0,2,0,0
3455,1976,48.13,9.13,1,0,0,2,0,0
3471,1983,48.13,8.75,1,0,0,1,0,0
3474,1970,47.98,8.8,1,0,0,1,0,0
3480,1957,47.68,9.83,1,0,0,1,0,0
3481,1970,47.92,9.9,1,0,0,1,0,0
3484,1971,48.4,11.73,1,0,0,3,0,0
3484,1974,48.4,11.73,1,0,0,3,0,0
3484,1984,48.4,11.73,1,0,0,3,0,0
3485,1972,48.75,11.43,1,0,0,1,0,0
3499,1954,48.4,11.2,1,0,0,1,0,0
3504,1959,48.25,12.7,1,0,0,1,0,0
3510,1952,47.78,12,1,0,0,1,0,0
3529,1955,47.98,11.87,1,0,0,1,0,0
3533,1957,48.03,11.9,1,0,0,2,0,0
3533,1959,48.03,11.9,1,0,0,2,0,0
3540,1965,48.28,11.83,1,0,0,1,0,0
3543,1976,48.52,11.77,1,0,0,1,0,0
3555,1966,47.48,11.1,1,0,0,1,0,0
3558,1960,47.45,11.27,1,0,0,2,0,0
3558,1990,47.45,11.27,1,0,0,2,0,0
3585,1951,48.07,12.77,1,0,0,2,0,0
3585,1952,48.07,12.77,1,0,0,2,0,0
3589,1968,47.65,11.75,1,0,0,1,0,0
3591,1964,47.8,11.68,1,0,0,2,0,0
3591,1967,47.8,11.68,1,0,0,2,0,0
3613,1963,48.53,11.5,1,0,0,1,0,0
3622,1966,47.88,12.18,1,0,0,1,0,0
3624,1962,47.85,12.18,1,0,0,1,0,0
3626,1970,47.85,10.9,1,0,0,1,0,0
3627,1964,47.8,11.02,1,0,0,1,0,0
3628,1964,47.8,11.02,1,0,0,1,0,0
3634,1951,48.63,11.43,1,0,0,4,0,0
3634,1958,48.63,11.43,1,0,0,4,0,0
3634,1959,48.63,11.43,1,0,0,4,0,0
3634,1971,48.63,11.43,1,0,0,4,0,0
3674,1976,47.77,11.17,1,0,0,1,0,0
3678,1961,47.92,11.18,1,0,0,3,0,0
3678,1966,47.92,11.18,1,0,0,3,0,0
3678,1967,47.92,11.18,1,0,0,3,0,0
3683,1984,47.87,11.15,1,0,0,1,0,0
3686,1960,47.83,11.42,1,0,0,1,0,0
3691,1954,47.92,11.53,1,0,0,1,0,0
3703,1966,48.85,13.15,1,0,0,1,0,0
3721,1952,48.87,13.47,1,0,0,1,0,0
3722,1952,48.93,13.47,1,0,0,1,0,0
3729,1961,48.42,13.22,1,0,0,5,0,0
3729,1962,48.42,13.22,1,0,0,5,0,0
3729,1964,48.42,13.22,1,0,0,5,0,0
3729,1967,48.42,13.22,1,0,0,5,0,0
3729,1979,48.42,13.22,1,0,0,5,0,0
3740,1977,48.75,11.85,1,0,0,1,0,0
3741,1988,48.9,12.02,1,0,0,1,0,0
3743,1965,49.3,12.92,1,0,0,1,0,0
3744,1961,49.13,12.73,1,0,0,1,0,0
3755,1955,48.57,11.75,1,0,0,1,0,0
3759,1977,48.73,12.3,1,0,0,1,0,0
3783,1972,48.93,13.2,1,0,0,2,0,0
3783,1982,48.93,13.2,1,0,0,2,0,0
3784,1975,48.98,13.3,1,0,0,1,0,0
3789,1953,48.82,12.05,1,0,0,1,0,0
3791,1965,48.77,11.97,1,0,0,1,0,0
3793,1964,48.85,12.77,1,0,0,1,0,0
3794,1959,48.77,12.52,1,0,0,1,0,0
3801,1961,48.48,12.27,1,0,0,1,0,0
3807,1967,48.73,12.97,1,0,0,1,0,0
3817,1951,48.58,13.73,1,0,0,1,0,0
3825,1975,48.85,13.73,1,0,0,1,0,0
3826,1960,48.78,13.45,1,0,0,1,0,0
3829,1955,48.75,13.8,1,0,0,1,0,0
3841,1952,49.53,11.8,1,0,0,3,0,0
3841,1956,49.53,11.8,1,0,0,3,0,0
3841,1961,49.53,11.8,1,0,0,3,0,0
3845,1955,49.55,12,1,0,0,2,0,0
3845,1957,49.55,12,1,0,0,2,0,0
3873,1980,49.75,11.73,1,0,0,1,0,0
3893,1970,49.83,12.05,1,0,0,1,0,0
3896,1962,49.73,12.07,1,0,0,1,0,0
3903,1951,49.52,12.55,1,0,0,3,0,0
3903,1952,49.52,12.55,1,0,0,3,0,0
3903,1954,49.52,12.55,1,0,0,3,0,0
3909,1955,49.52,12.42,1,0,0,1,0,0
3913,1974,49.03,11.9,1,0,0,1,0,0
3918,1964,49.22,11.77,1,0,0,2,0,0
3918,1986,49.22,11.77,1,0,0,2,0,0
3938,1966,48.88,12.35,1,0,0,1,0,0
3949,1951,49.22,12.52,1,0,0,1,0,0
3950,1966,49.2,12.27,1,0,0,1,0,0
3954,1955,49.18,12.38,1,0,0,2,0,0
3954,1960,49.18,12.38,1,0,0,2,0,0
3967,1960,49.78,12.32,1,0,0,1,0,0
3973,1969,49.9,12.18,1,0,0,1,0,0
3980,1979,49.72,12.43,1,0,0,1,0,0
3989,1961,49.95,11.57,1,0,0,1,0,0
3993,1953,50.32,11.92,1,0,0,2,0,0
3993,1965,50.32,11.92,1,0,0,2,0,0
3994,1979,50.32,11.88,1,0,0,2,0,0
3994,1980,50.32,11.88,1,0,0,2,0,0
4016,1975,49.78,10.95,1,0,0,1,0,0
4018,1970,49.97,11,1,0,0,1,0,0
4025,1957,49.87,11.72,1,0,0,1,0,0
4031,1959,50,11.68,1,0,0,2,0,0
4031,1962,50,11.68,1,0,0,2,0,0
4037,1955,50,11.78,1,0,0,1,0,0
4038,1953,50.22,11.08,1,0,0,1,0,0
4039,1957,50.37,10.8,1,0,0,1,0,0
4054,1956,49.93,11.28,1,0,0,1,0,0
4056,1985,49.85,11.2,1,0,0,1,0,0
4065,1954,49.7,10.82,1,0,0,1,0,0
4068,1957,49.77,10.9,1,0,0,1,0,0
4072,1956,50.38,11.88,1,0,0,4,0,0
4072,1982,50.38,11.88,1,0,0,4,0,0
4072,1984,50.38,11.88,1,0,0,4,0,0
4072,1986,50.38,11.88,1,0,0,4,0,0
4083,1977,50.4,11.38,1,0,0,2,0,0
4083,1988,50.4,11.38,1,0,0,2,0,0
4086,1959,50.27,11.48,1,0,0,1,0,0
4093,1954,50.1,11.65,1,0,0,1,0,0
4101,1985,50.03,11.18,1,0,0,3,0,0
4101,1986,50.03,11.18,1,0,0,3,0,0
4101,1989,50.03,11.18,1,0,0,3,0,0
4102,1962,50.1,11.17,1,0,0,2,0,0
4102,1963,50.1,11.17,1,0,0,2,0,0
4108,1961,50.12,11.15,1,0,0,6,0,0
4108,1963,50.12,11.15,1,0,0,6,0,0
4108,1964,50.12,11.15,1,0,0,6,0,0
4108,1966,50.12,11.15,1,0,0,6,0,0
4108,1967,50.12,11.15,1,0,0,6,0,0
4108,1968,50.12,11.15,1,0,0,6,0,0
4112,1956,50.08,11.23,1,0,0,1,0,0
4114,1965,50.25,11.7,1,0,0,2,0,0
4114,1989,50.25,11.7,1,0,0,2,0,0
4115,1952,50.2,11.78,1,0,0,3,0,0
4115,1966,50.2,11.78,1,0,0,3,0,0
4115,1980,50.2,11.78,1,0,0,3,0,0
4116,1967,50.15,11.7,1,0,0,1,0,0
4140,1958,50.22,11.43,1,0,0,1,0,0
4147,1954,50.12,11.02,1,0,0,1,0,0
4148,1959,50.1,11,1,0,0,1,0,0
4149,1956,50.02,10.93,1,0,0,1,0,0
4150,1957,50.07,12.18,1,0,0,2,0,0
4150,1963,50.07,12.18,1,0,0,2,0,0
4151,1977,50.15,11.97,1,0,0,1,0,0
4154,1983,50.03,11.97,1,0,0,1,0,0
4156,1962,50.02,11.95,1,0,0,1,0,0
4157,1959,50.1,11.88,1,0,0,2,0,0
4157,1963,50.1,11.88,1,0,0,2,0,0
4158,1958,50.05,12,1,0,0,3,0,0
4158,1959,50.05,12,1,0,0,3,0,0
4158,1975,50.05,12,1,0,0,3,0,0
4159,1982,49.3,10.58,1,0,0,1,0,0
4161,1953,49.6,11.02,1,0,0,1,0,0
4163,1961,49.45,11.08,1,0,0,1,0,0
4170,1952,49.4,10.52,1,0,0,1,0,0
4175,1974,49.28,10.78,1,0,0,1,0,0
4180,1951,49.07,10.32,1,0,0,5,0,0
4180,1952,49.07,10.32,1,0,0,5,0,0
4180,1953,49.07,10.32,1,0,0,5,0,0
4180,1959,49.07,10.32,1,0,0,5,0,0
4180,1964,49.07,10.32,1,0,0,5,0,0
4181,1968,49.02,10.35,1,0,0,1,0,0
4184,1956,48.83,11.22,1,0,0,1,0,0
4186,1977,48.92,11.35,1,0,0,2,0,0
4186,1984,48.92,11.35,1,0,0,2,0,0
4195,1959,49.57,11.15,1,0,0,1,0,0
4198,1963,49.17,10.33,1,0,0,1,0,0
4199,1952,49.2,10.65,1,0,0,1,0,0
4205,1985,49.5,10.8,1,0,0,2,0,0
4205,1987,49.5,10.8,1,0,0,2,0,0
4212,1966,48.93,10.77,1,0,0,1,0,0
4213,1990,49.52,11.42,1,0,0,1,0,0
4217,1954,49.25,11.23,1,0,0,3,0,0
4217,1958,49.25,11.23,1,0,0,3,0,0
4217,1962,49.25,11.23,1,0,0,3,0,0
4218,1957,49.25,11.17,1,0,0,5,0,0
4218,1965,49.25,11.17,1,0,0,5,0,0
4218,1975,49.25,11.17,1,0,0,5,0,0
4218,1976,49.25,11.17,1,0,0,5,0,0
4218,1977,49.25,11.17,1,0,0,5,0,0
4222,1964,49.2,11.18,1,0,0,1,0,0
4226,1955,49.08,11.22,1,0,0,1,0,0
4229,1954,49.55,10.72,1,0,0,4,0,0
4229,1957,49.55,10.72,1,0,0,4,0,0
4229,1959,49.55,10.72,1,0,0,4,0,0
4229,1960,49.55,10.72,1,0,0,4,0,0
4231,1962,49.45,10.6,1,0,0,2,0,0
4231,1966,49.45,10.6,1,0,0,2,0,0
4234,1963,49.38,11.37,1,0,0,1,0,0
4240,1984,49.38,10.33,1,0,0,1,0,0
4241,1960,49.28,10.27,1,0,0,1,0,0
4246,1960,49.68,10.3,1,0,0,2,0,0
4246,1971,49.68,10.3,1,0,0,2,0,0
4251,1957,49.37,10.95,1,0,0,3,0,0
4251,1964,49.37,10.95,1,0,0,3,0,0
4251,1974,49.37,10.95,1,0,0,3,0,0
4254,1966,49.55,10.43,1,0,0,1,0,0
4255,1951,49.63,10.23,1,0,0,1,0,0
4259,1963,49.55,10.42,1,0,0,1,0,0
4265,1961,49.12,10.98,1,0,0,1,0,0
4266,1981,49.02,11.12,1,0,0,1,0,0
4268,1961,48.9,11,1,0,0,1,0,0
4272,1962,49.73,10.17,1,0,0,1,0,0
4273,1954,50.05,10.23,1,0,0,6,0,0
4273,1960,50.05,10.23,1,0,0,6,0,0
4273,1961,50.05,10.23,1,0,0,6,0,0
4273,1962,50.05,10.23,1,0,0,6,0,0
4273,1972,50.05,10.23,1,0,0,6,0,0
4273,1973,50.05,10.23,1,0,0,6,0,0
4275,1981,49.8,9.93,1,0,0,3,0,0
4275,1985,49.8,9.93,1,0,0,3,0,0
4275,1988,49.8,9.93,1,0,0,3,0,0
4276,1988,49.8,9.93,1,0,0,1,0,0
4285,1984,49.97,9.22,1,0,0,2,0,0
4285,1985,49.97,9.22,1,0,0,2,0,0
4308,1951,50.35,10,1,0,0,1,0,0
4334,1951,50.1,9.73,1,0,0,1,0,0
4335,1955,50.1,9.8,1,0,0,1,0,0
4369,1966,50.13,10.53,1,0,0,1,0,0
4374,1962,50.17,10.62,1,0,0,1,0,0
4385,1990,49.78,10.28,1,0,0,1,0,0
4393,1956,50.3,10.57,1,0,0,1,0,0
4394,1952,50.3,10.47,1,0,0,2,0,0
4394,1972,50.3,10.47,1,0,0,2,0,0
4406,1952,49.83,9.47,1,0,0,2,0,0
4406,1959,49.83,9.47,1,0,0,2,0,0
4409,1965,49.9,9.67,1,0,0,3,0,0
4409,1970,49.9,9.67,1,0,0,3,0,0
4409,1972,49.9,9.67,1,0,0,3,0,0
4435,1955,50,10.18,1,0,0,1,0,0
4437,1955,50.02,10.28,1,0,0,1,0,0
4445,1979,49.88,10.03,1,0,0,1,0,0
4449,1958,49.78,9.87,1,0,0,1,0,0
4451,1962,49.82,9.98,1,0,0,1,0,0
4469,1952,48.55,10.3,1,0,0,1,0,0
4471,1951,48.63,10.62,1,0,0,1,0,0
4491,1983,47.62,10.8,1,0,0,1,0,0
4492,1966,47.57,10.7,1,0,0,6,0,0
4492,1976,47.57,10.7,1,0,0,6,0,0
4492,1984,47.57,10.7,1,0,0,6,0,0
4492,1985,47.57,10.7,1,0,0,6,0,0
4492,1987,47.57,10.7,1,0,0,6,0,0
4492,1988,47.57,10.7,1,0,0,6,0,0
4494,1985,47.57,10.75,1,0,0,1,0,0
4495,1957,48.43,10.42,1,0,0,3,0,0
4495,1959,48.43,10.42,1,0,0,3,0,0
4495,1961,48.43,10.42,1,0,0,3,0,0
4497,1971,48.38,10.5,1,0,0,1,0,0
4519,1952,47.7,10.35,1,0,0,3,0,0
4519,1971,47.7,10.35,1,0,0,3,0,0
4519,1978,47.7,10.35,1,0,0,3,0,0
4524,1981,47.67,10.22,1,0,0,1,0,0
4528,1990,48.25,10.37,1,0,0,1,0,0
4532,1962,47.7,10.6,1,0,0,5,0,0
4532,1981,47.7,10.6,1,0,0,5,0,0
4532,1983,47.7,10.6,1,0,0,5,0,0
4532,1987,47.7,10.6,1,0,0,5,0,0
4532,1988,47.7,10.6,1,0,0,5,0,0
4535,1971,47.78,10.75,1,0,0,10,0,0
4535,1976,47.78,10.75,1,0,0,10,0,0
4535,1977,47.78,10.75,1,0,0,10,0,0
4535,1978,47.78,10.75,1,0,0,10,0,0
4535,1979,47.78,10.75,1,0,0,10,0,0
4535,1980,47.78,10.75,1,0,0,10,0,0
4535,1981,47.78,10.75,1,0,0,10,0,0
4535,1982,47.78,10.75,1,0,0,10,0,0
4535,1983,47.78,10.75,1,0,0,10,0,0
4535,1985,47.78,10.75,1,0,0,10,0,0
4537,1960,47.77,10.5,1,0,0,1,0,0
4550,1962,48.05,10.5,1,0,0,2,0,0
4550,1963,48.05,10.5,1,0,0,2,0,0
4569,1954,48.78,10.53,1,0,0,1,0,0
4577,1955,48.18,10.75,1,0,0,3,0,0
4577,1961,48.18,10.75,1,0,0,3,0,0
4577,1963,48.18,10.75,1,0,0,3,0,0
4581,1968,47.53,10.28,1,0,0,2,0,0
4581,1970,47.53,10.28,1,0,0,2,0,0
4583,1953,47.43,10.28,1,0,0,6,0,0
4583,1954,47.43,10.28,1,0,0,6,0,0
4583,1955,47.43,10.28,1,0,0,6,0,0
4583,1957,47.43,10.28,1,0,0,6,0,0
4583,1958,47.43,10.28,1,0,0,6,0,0
4583,1961,47.43,10.28,1,0,0,6,0,0
4590,1962,47.6,10.42,1,0,0,2,0,0
4590,1975,47.6,10.42,1,0,0,2,0,0
4593,1959,48.57,10.68,1,0,0,1,0,0
4595,1989,47.6,9.9,1,0,0,1,0,0
4596,1959,47.58,9.62,1,0,0,1,0,0
4597,1961,47.62,9.97,1,0,0,1,0,0
4599,1976,49.23,6.98,1,0,0,1,0,0
4615,1990,49.48,6.87,1,0,0,1,0,0
4616,1967,49.53,6.87,1,0,0,1,0,0
4623,1987,49.43,6.97,1,0,0,1,0,0
4626,1985,49.37,7.13,1,0,0,1,0,0
4641,1956,49.42,6.92,1,0,0,1,0,0
4645,1960,49.35,6.6,1,0,0,1,0,0
4650,1988,49.23,7.27,1,0,0,2,0,0
4650,1989,49.23,7.27,1,0,0,2,0,0
4652,1975,49.15,7.22,1,0,0,1,0,0
4654,1983,49.22,7.22,1,0,0,1,0,0
4664,1985,49.6,7,1,0,0,1,0,0
4669,1958,52.45,13.28,1,0,0,1,0,0
4687,1953,51.78,14.32,1,0,0,1,0,0
4733,1954,51.43,13.22,1,0,0,1,0,0
4740,1953,51.98,14.3,1,0,0,2,0,0
4740,1957,51.98,14.3,1,0,0,2,0,0
4773,1951,52.52,12.72,1,0,0,1,0,0
4787,1952,52.92,13.72,1,0,0,1,0,0
4837,1953,52.28,14.07,1,0,0,1,0,0
4913,1952,52.2,13.2,1,0,0,2,0,0
4913,1953,52.2,13.2,1,0,0,2,0,0
4932,1955,52.82,12.78,1,0,0,1,0,0
4966,1955,53.23,11.67,1,0,0,1,0,0
5015,1959,52.43,14.45,1,0,0,1,0,0
5146,1959,53.87,11.18,1,0,0,1,0,0
5211,1955,53.5,12.17,1,0,0,1,0,0
5529,1954,51.43,14.22,1,0,0,1,0,0
6452,1999,47.97,13.1,1,0,0,1,0,0
6533,2016,48.33,13.37,1,0,0,1,0,0
6540,2012,46.63,13.15,1,0,0,1,0,0
6617,1994,47.42,13.63,1,0,0,1,0,0
6708,2016,48.07,14.45,1,0,0,1,0,0
6714,2011,46.5,7.57,1,0,0,2,0,0
6714,2015,46.5,7.57,1,0,0,2,0,0
6723,2013,47.27,7.17,1,0,0,1,0,0
6727,2001,46.33,9.55,1,0,0,1,0,0
6732,2005,46.4,6.23,1,0,0,1,0,0
6737,2005,46.92,6.63,1,0,0,1,0,0
6745,2014,46.9,7.93,1,0,0,1,0,0
6783,2006,47.13,7.62,1,0,0,1,0,0
6825,2010,46.98,6.6,1,0,0,1,0,0
6827,2004,46.35,7.15,1,0,0,2,0,0
6827,2005,46.35,7.15,1,0,0,2,0,0
6830,2015,46.65,7.18,1,0,0,1,0,0
6834,1999,47.05,6.75,1,0,0,2,0,0
6834,2004,47.05,6.75,1,0,0,2,0,0
6863,1975,46.25,15.25,1,0,0,4,0,0
6863,1981,46.25,15.25,1,0,0,4,0,0
6863,2011,46.25,15.25,1,0,0,4,0,0
6863,2012,46.25,15.25,1,0,0,4,0,0
6865,2011,45.57,14.25,1,0,0,1,0,0
6866,2009,46.57,15.95,1,0,0,2,0,0
6866,2012,46.57,15.95,1,0,0,2,0,0
6868,1969,46.07,14.52,1,0,0,10,0,0
6868,1972,46.07,14.52,1,0,0,10,0,0
6868,1974,46.07,14.52,1,0,0,10,0,0
6868,1977,46.07,14.52,1,0,0,10,0,0
6868,1981,46.07,14.52,1,0,0,10,0,0
6868,1989,46.07,14.52,1,0,0,10,0,0
6868,2009,46.07,14.52,1,0,0,10,0,0
6868,2010,46.07,14.52,1,0,0,10,0,0
6868,2011,46.07,14.52,1,0,0,10,0,0
6868,2013,46.07,14.52,1,0,0,10,0,0
6869,1961,45.9,13.63,1,0,0,13,0,0
6869,1962,45.9,13.63,1,0,0,13,0,0
6869,1963,45.9,13.63,1,0,0,13,0,0
6869,1968,45.9,13.63,1,0,0,13,0,0
6869,1972,45.9,13.63,1,0,0,13,0,0
6869,1976,45.9,13.63,1,0,0,13,0,0
6869,1977,45.9,13.63,1,0,0,13,0,0
6869,1978,45.9,13.63,1,0,0,13,0,0
6869,1980,45.9,13.63,1,0,0,13,0,0
6869,1985,45.9,13.63,1,0,0,13,0,0
6869,1991,45.9,13.63,1,0,0,13,0,0
6869,1995,45.9,13.63,1,0,0,13,0,0
6869,1997,45.9,13.63,1,0,0,13,0,0
6870,1972,45.8,15.18,1,0,0,6,0,0
6870,1977,45.8,15.18,1,0,0,6,0,0
6870,1979,45.8,15.18,1,0,0,6,0,0
6870,1985,45.8,15.18,1,0,0,6,0,0
6870,1986,45.8,15.18,1,0,0,6,0,0
6870,1992,45.8,15.18,1,0,0,6,0,0
6872,1961,46.5,13.72,1,0,0,10,0,0
6872,1962,46.5,13.72,1,0,0,10,0,0
6872,1966,46.5,13.72,1,0,0,10,0,0
6872,1977,46.5,13.72,1,0,0,10,0,0
6872,1978,46.5,13.72,1,0,0,10,0,0
6872,1979,46.5,13.72,1,0,0,10,0,0
6872,1990,46.5,13.72,1,0,0,10,0,0
6872,1993,46.5,13.72,1,0,0,10,0,0
6872,2012,46.5,13.72,1,0,0,10,0,0
6872,2013,46.5,13.72,1,0,0,10,0,0
6873,1996,46.47,15.77,1,0,0,4,0,0
6873,2009,46.47,15.77,1,0,0,4,0,0
6873,2011,46.47,15.77,1,0,0,4,0,0
6873,2013,46.47,15.77,1,0,0,4,0,0
6874,1972,46.83,16.3,1,0,0,8,0,0
6874,1986,46.83,16.3,1,0,0,8,0,0
6874,1989,46.83,16.3,1,0,0,8,0,0
6874,1990,46.83,16.3,1,0,0,8,0,0
6874,1992,46.83,16.3,1,0,0,8,0,0
6874,2009,46.83,16.3,1,0,0,8,0,0
6874,2010,46.83,16.3,1,0,0,8,0,0
6874,2013,46.83,16.3,1,0,0,8,0,0
6875,1961,46.2,15.53,1,0,0,1,0,0
6885,2007,48.33,17.3,1,0,0,2,0,0
6885,2008,48.33,17.3,1,0,0,2,0,0
6894,2006,48.85,17.93,1,0,0,1,0,0
6913,2006,48.87,20.02,1,0,0,1,0,0
6922,2007,48.55,20.42,1,0,0,2,0,0
6922,2008,48.55,20.42,1,0,0,2,0,0
6929,2007,48.73,21.62,1,0,0,1,0,0
6932,2006,48.8,21.12,1,0,0,1,0,0
6934,2007,48.85,20.85,1,0,0,1,0,0
6936,2006,48.87,21.83,1,0,0,3,0,0
6936,2007,48.87,21.83,1,0,0,3,0,0
6936,2008,48.87,21.83,1,0,0,3,0,0
6938,2007,48.98,20.32,1,0,0,1,0,0
6943,2006,49.12,21.52,1,0,0,1,0,0
6945,2006,49.25,21.92,1,0,0,1,0,0
6947,2007,49.38,20.35,1,0,0,1,0,0
7024,2008,46.72,9.43,1,0,0,1,0,0
7036,1991,63.48,10.88,1,0,0,5,0,0
7036,1992,63.48,10.88,1,0,0,5,0,0
7036,1993,63.48,10.88,1,0,0,5,0,0
7036,1994,63.48,10.88,1,0,0,5,0,0
7036,1999,63.48,10.88,1,0,0,5,0,0
7049,1975,51.08,-0.88,1,0,0,3,0,0
7049,1980,51.08,-0.88,1,0,0,3,0,0
7049,1981,51.08,-0.88,1,0,0,3,0,0
7054,1975,50,5.73,1,0,0,4,0,0
7054,1977,50,5.73,1,0,0,4,0,0
7054,1978,50,5.73,1,0,0,4,0,0
7054,1982,50,5.73,1,0,0,4,0,0
7056,1978,51.97,7.63,1,0,0,3,0,0
7056,1982,51.97,7.63,1,0,0,3,0,0
7056,1984,51.97,7.63,1,0,0,3,0,0
7057,1971,53.67,10.27,1,0,0,8,0,0
7057,1974,53.67,10.27,1,0,0,8,0,0
7057,1975,53.67,10.27,1,0,0,8,0,0
7057,1976,53.67,10.27,1,0,0,8,0,0
7057,1980,53.67,10.27,1,0,0,8,0,0
7057,1984,53.67,10.27,1,0,0,8,0,0
7057,1986,53.67,10.27,1,0,0,8,0,0
7057,1987,53.67,10.27,1,0,0,8,0,0
7058,1972,53.65,10.2,1,0,0,8,0,0
7058,1978,53.65,10.2,1,0,0,8,0,0
7058,1979,53.65,10.2,1,0,0,8,0,0
7058,1984,53.65,10.2,1,0,0,8,0,0
7058,1985,53.65,10.2,1,0,0,8,0,0
7058,1989,53.65,10.2,1,0,0,8,0,0
7058,1990,53.65,10.2,1,0,0,8,0,0
7058,1997,53.65,10.2,1,0,0,8,0,0
7059,1981,51.33,9.67,1,0,0,5,0,0
7059,1982,51.33,9.67,1,0,0,5,0,0
7059,1983,51.33,9.67,1,0,0,5,0,0
7059,1988,51.33,9.67,1,0,0,5,0,0
7059,1990,51.33,9.67,1,0,0,5,0,0
7060,1972,50.1,8.78,1,0,0,13,0,0
7060,1978,50.1,8.78,1,0,0,13,0,0
7060,1980,50.1,8.78,1,0,0,13,0,0
7060,1981,50.1,8.78,1,0,0,13,0,0
7060,1984,50.1,8.78,1,0,0,13,0,0
7060,1986,50.1,8.78,1,0,0,13,0,0
7060,1987,50.1,8.78,1,0,0,13,0,0
7060,1988,50.1,8.78,1,0,0,13,0,0
7060,1989,50.1,8.78,1,0,0,13,0,0
7060,1990,50.1,8.78,1,0,0,13,0,0
7060,1997,50.1,8.78,1,0,0,13,0,0
7060,1998,50.1,8.78,1,0,0,13,0,0
7060,1999,50.1,8.78,1,0,0,13,0,0
7061,1975,49.98,7.97,1,0,0,1,0,0
7062,1971,49.75,6.67,1,0,0,5,0,0
7062,1972,49.75,6.67,1,0,0,5,0,0
7062,1974,49.75,6.67,1,0,0,5,0,0
7062,1975,49.75,6.67,1,0,0,5,0,0
7062,1976,49.75,6.67,1,0,0,5,0,0
7063,1971,48.72,9.22,1,0,0,12,0,0
7063,1972,48.72,9.22,1,0,0,12,0,0
7063,1976,48.72,9.22,1,0,0,12,0,0
7063,1979,48.72,9.22,1,0,0,12,0,0
7063,1982,48.72,9.22,1,0,0,12,0,0
7063,1983,48.72,9.22,1,0,0,12,0,0
7063,1984,48.72,9.22,1,0,0,12,0,0
7063,1987,48.72,9.22,1,0,0,12,0,0
7063,1988,48.72,9.22,1,0,0,12,0,0
7063,1992,48.72,9.22,1,0,0,12,0,0
7063,1995,48.72,9.22,1,0,0,12,0,0
7063,1998,48.72,9.22,1,0,0,12,0,0
7064,1991,48.82,9.12,1,0,0,4,0,0
7064,1996,48.82,9.12,1,0,0,4,0,0
7064,1997,48.82,9.12,1,0,0,4,0,0
7064,1998,48.82,9.12,1,0,0,4,0,0
7067,1978,48.02,7.98,1,0,0,10,0,0
7067,1979,48.02,7.98,1,0,0,10,0,0
7067,1980,48.02,7.98,1,0,0,10,0,0
7067,1981,48.02,7.98,1,0,0,10,0,0
7067,1985,48.02,7.98,1,0,0,10,0,0
7067,1989,48.02,7.98,1,0,0,10,0,0
7067,1991,48.02,7.98,1,0,0,10,0,0
7067,1994,48.02,7.98,1,0,0,10,0,0
7067,1995,48.02,7.98,1,0,0,10,0,0
7067,1997,48.02,7.98,1,0,0,10,0,0
7072,1971,48.4,11.73,1,0,0,7,0,0
7072,1973,48.4,11.73,1,0,0,7,0,0
7072,1974,48.4,11.73,1,0,0,7,0,0
7072,1975,48.4,11.73,1,0,0,7,0,0
7072,1978,48.4,11.73,1,0,0,7,0,0
7072,1982,48.4,11.73,1,0,0,7,0,0
7072,1984,48.4,11.73,1,0,0,7,0,0
7073,1974,48.85,13.52,1,0,0,7,0,0
7073,1975,48.85,13.52,1,0,0,7,0,0
7073,1989,48.85,13.52,1,0,0,7,0,0
7073,1991,48.85,13.52,1,0,0,7,0,0
7073,1992,48.85,13.52,1,0,0,7,0,0
7073,1994,48.85,13.52,1,0,0,7,0,0
7073,1998,48.85,13.52,1,0,0,7,0,0
7075,1981,48.93,13.33,1,0,0,12,0,0
7075,1983,48.93,13.33,1,0,0,12,0,0
7075,1985,48.93,13.33,1,0,0,12,0,0
7075,1988,48.93,13.33,1,0,0,12,0,0
7075,1989,48.93,13.33,1,0,0,12,0,0
7075,1990,48.93,13.33,1,0,0,12,0,0
7075,1991,48.93,13.33,1,0,0,12,0,0
7075,1992,48.93,13.33,1,0,0,12,0,0
7075,1993,48.93,13.33,1,0,0,12,0,0
7075,1996,48.93,13.33,1,0,0,12,0,0
7075,1997,48.93,13.33,1,0,0,12,0,0
7075,1998,48.93,13.33,1,0,0,12,0,0
7077,1975,50.98,13.53,1,0,0,6,0,0
7077,1977,50.98,13.53,1,0,0,6,0,0
7077,1978,50.98,13.53,1,0,0,6,0,0
7077,1981,50.98,13.53,1,0,0,6,0,0
7077,1991,50.98,13.53,1,0,0,6,0,0
7077,1997,50.98,13.53,1,0,0,6,0,0
7079,1989,53.73,9.88,1,0,0,6,0,0
7079,1990,53.73,9.88,1,0,0,6,0,0
7079,1991,53.73,9.88,1,0,0,6,0,0
7079,1992,53.73,9.88,1,0,0,6,0,0
7079,1993,53.73,9.88,1,0,0,6,0,0
7079,1994,53.73,9.88,1,0,0,6,0,0
7085,1998,49.77,7.05,1,0,0,1,0,0
7099,1991,47.33,8.8,1,0,0,1,0,0
7103,1972,48.25,16.72,1,0,0,9,0,0
7103,1974,48.25,16.72,1,0,0,9,0,0
7103,1979,48.25,16.72,1,0,0,9,0,0
7103,1981,48.25,16.72,1,0,0,9,0,0
7103,1983,48.25,16.72,1,0,0,9,0,0
7103,1986,48.25,16.72,1,0,0,9,0,0
7103,1992,48.25,16.72,1,0,0,9,0,0
7103,1994,48.25,16.72,1,0,0,9,0,0
7103,1995,48.25,16.72,1,0,0,9,0,0
7110,1973,48.45,18.93,1,0,0,12,0,0
7110,1988,48.45,18.93,1,0,0,12,0,0
7110,1989,48.45,18.93,1,0,0,12,0,0
7110,1991,48.45,18.93,1,0,0,12,0,0
7110,1992,48.45,18.93,1,0,0,12,0,0
7110,1993,48.45,18.93,1,0,0,12,0,0
7110,1994,48.45,18.93,1,0,0,12,0,0
7110,1995,48.45,18.93,1,0,0,12,0,0
7110,1996,48.45,18.93,1,0,0,12,0,0
7110,1997,48.45,18.93,1,0,0,12,0,0
7110,1998,48.45,18.93,1,0,0,12,0,0
7110,1999,48.45,18.93,1,0,0,12,0,0
7111,1976,47.6,19.35,1,0,0,1,0,0
7113,1972,46.07,14.5,1,0,0,20,0,0
7113,1973,46.07,14.5,1,0,0,20,0,0
7113,1974,46.07,14.5,1,0,0,20,0,0
7113,1975,46.07,14.5,1,0,0,20,0,0
7113,1977,46.07,14.5,1,0,0,20,0,0
7113,1978,46.07,14.5,1,0,0,20,0,0
7113,1979,46.07,14.5,1,0,0,20,0,0
7113,1982,46.07,14.5,1,0,0,20,0,0
7113,1984,46.07,14.5,1,0,0,20,0,0
7113,1985,46.07,14.5,1,0,0,20,0,0
7113,1988,46.07,14.5,1,0,0,20,0,0
7113,1989,46.07,14.5,1,0,0,20,0,0
7113,1990,46.07,14.5,1,0,0,20,0,0
7113,1991,46.07,14.5,1,0,0,20,0,0
7113,1992,46.07,14.5,1,0,0,20,0,0
7113,1993,46.07,14.5,1,0,0,20,0,0
7113,1994,46.07,14.5,1,0,0,20,0,0
7113,1995,46.07,14.5,1,0,0,20,0,0
7113,1997,46.07,14.5,1,0,0,20,0,0
7113,1998,46.07,14.5,1,0,0,20,0,0
7114,1974,46.03,16.57,1,0,0,10,0,0
7114,1978,46.03,16.57,1,0,0,10,0,0
7114,1979,46.03,16.57,1,0,0,10,0,0
7114,1980,46.03,16.57,1,0,0,10,0,0
7114,1981,46.03,16.57,1,0,0,10,0,0
7114,1982,46.03,16.57,1,0,0,10,0,0
7114,1983,46.03,16.57,1,0,0,10,0,0
7114,1987,46.03,16.57,1,0,0,10,0,0
7114,1990,46.03,16.57,1,0,0,10,0,0
7114,1991,46.03,16.57,1,0,0,10,0,0
7116,1976,43.75,18.02,1,0,0,6,0,0
7116,1980,43.75,18.02,1,0,0,6,0,0
7116,1982,43.75,18.02,1,0,0,6,0,0
7116,1988,43.75,18.02,1,0,0,6,0,0
7116,1989,43.75,18.02,1,0,0,6,0,0
7116,1990,43.75,18.02,1,0,0,6,0,0
7118,1990,42.08,19.08,1,0,0,1,0,0
7139,1971,48.07,7.68,1,0,0,18,0,0
7139,1973,48.07,7.68,1,0,0,18,0,0
7139,1974,48.07,7.68,1,0,0,18,0,0
7139,1976,48.07,7.68,1,0,0,18,0,0
7139,1977,48.07,7.68,1,0,0,18,0,0
7139,1978,48.07,7.68,1,0,0,18,0,0
7139,1979,48.07,7.68,1,0,0,18,0,0
7139,1980,48.07,7.68,1,0,0,18,0,0
7139,1982,48.07,7.68,1,0,0,18,0,0
7139,1984,48.07,7.68,1,0,0,18,0,0
7139,1985,48.07,7.68,1,0,0,18,0,0
7139,1986,48.07,7.68,1,0,0,18,0,0
7139,1987,48.07,7.68,1,0,0,18,0,0
7139,1988,48.07,7.68,1,0,0,18,0,0
7139,1989,48.07,7.68,1,0,0,18,0,0
7139,1994,48.07,7.68,1,0,0,18,0,0
7139,1997,48.07,7.68,1,0,0,18,0,0
7139,1998,48.07,7.68,1,0,0,18,0,0
8019,2015,47.5,13.88,1,0,0,1,0,0
8273,1974,51.93,-10.22,1,0,0,8,0,0
8273,1980,51.93,-10.22,1,0,0,8,0,0
8273,1985,51.93,-10.22,1,0,0,8,0,0
8273,1991,51.93,-10.22,1,0,0,8,0,0
8273,1996,51.93,-10.22,1,0,0,8,0,0
8273,1997,51.93,-10.22,1,0,0,8,0,0
8273,1998,51.93,-10.22,1,0,0,8,0,0
8273,2008,51.93,-10.22,1,0,0,8,0,0
8274,1971,52.38,-6.93,1,0,0,10,0,0
8274,1973,52.38,-6.93,1,0,0,10,0,0
8274,1978,52.38,-6.93,1,0,0,10,0,0
8274,1979,52.38,-6.93,1,0,0,10,0,0
8274,1981,52.38,-6.93,1,0,0,10,0,0
8274,1982,52.38,-6.93,1,0,0,10,0,0
8274,1983,52.38,-6.93,1,0,0,10,0,0
8274,1985,52.38,-6.93,1,0,0,10,0,0
8274,1989,52.38,-6.93,1,0,0,10,0,0
8274,1997,52.38,-6.93,1,0,0,10,0,0
8275,1970,52.45,-6.57,1,0,0,12,0,0
8275,1971,52.45,-6.57,1,0,0,12,0,0
8275,1982,52.45,-6.57,1,0,0,12,0,0
8275,1985,52.45,-6.57,1,0,0,12,0,0
8275,1986,52.45,-6.57,1,0,0,12,0,0
8275,1987,52.45,-6.57,1,0,0,12,0,0
8275,1988,52.45,-6.57,1,0,0,12,0,0
8275,1989,52.45,-6.57,1,0,0,12,0,0
8275,1990,52.45,-6.57,1,0,0,12,0,0
8275,1992,52.45,-6.57,1,0,0,12,0,0
8275,1995,52.45,-6.57,1,0,0,12,0,0
8275,1996,52.45,-6.57,1,0,0,12,0,0
8277,2009,54.95,-7.72,1,0,0,1,0,0
19291,1989,45.6,17.23,1,0,0,2,0,0
19291,1992,45.6,17.23,1,0,0,2,0,0
19295,1961,46.03,16.55,1,0,0,13,0,0
19295,1967,46.03,16.55,1,0,0,13,0,0
19295,1968,46.03,16.55,1,0,0,13,0,0
19295,1972,46.03,16.55,1,0,0,13,0,0
19295,1976,46.03,16.55,1,0,0,13,0,0
19295,1977,46.03,16.55,1,0,0,13,0,0
19295,1983,46.03,16.55,1,0,0,13,0,0
19295,1994,46.03,16.55,1,0,0,13,0,0
19295,1995,46.03,16.55,1,0,0,13,0,0
19295,1998,46.03,16.55,1,0,0,13,0,0
19295,2008,46.03,16.55,1,0,0,13,0,0
19295,2010,46.03,16.55,1,0,0,13,0,0
19295,2015,46.03,16.55,1,0,0,13,0,0
19296,1963,45.37,18.23,1,0,0,9,0,0
19296,1965,45.37,18.23,1,0,0,9,0,0
19296,1968,45.37,18.23,1,0,0,9,0,0
19296,1972,45.37,18.23,1,0,0,9,0,0
19296,1974,45.37,18.23,1,0,0,9,0,0
19296,1980,45.37,18.23,1,0,0,9,0,0
19296,1995,45.37,18.23,1,0,0,9,0,0
19296,1996,45.37,18.23,1,0,0,9,0,0
19296,2000,45.37,18.23,1,0,0,9,0,0
19297,1963,45.27,15.28,1,0,0,10,0,0
19297,1979,45.27,15.28,1,0,0,10,0,0
19297,1997,45.27,15.28,1,0,0,10,0,0
19297,1998,45.27,15.28,1,0,0,10,0,0
19297,2002,45.27,15.28,1,0,0,10,0,0
19297,2006,45.27,15.28,1,0,0,10,0,0
19297,2010,45.27,15.28,1,0,0,10,0,0
19297,2011,45.27,15.28,1,0,0,10,0,0
19297,2012,45.27,15.28,1,0,0,10,0,0
19297,2013,45.27,15.28,1,0,0,10,0,0
19300,1964,45.82,16.03,1,0,0,9,0,0
19300,1965,45.82,16.03,1,0,0,9,0,0
19300,1968,45.82,16.03,1,0,0,9,0,0
19300,1969,45.82,16.03,1,0,0,9,0,0
19300,1971,45.82,16.03,1,0,0,9,0,0
19300,1975,45.82,16.03,1,0,0,9,0,0
19300,1977,45.82,16.03,1,0,0,9,0,0
19300,1990,45.82,16.03,1,0,0,9,0,0
19300,2014,45.82,16.03,1,0,0,9,0,0
19344,2016,46.86,15.22,1,0,0,1,0,0
19466,2013,46.57,13.55,1,0,0,1,0,0
19485,2006,49.78,13.38,44,0,0,5,1,0.2
19485,2007,49.78,13.38,50,0,0,5,1,0.2
19485,2008,49.78,13.38,46,0,0,5,1,0.2
19485,2010,49.78,13.38,20,0,0,5,1,0.2
19485,2011,49.78,13.38,36,1,1,5,1,0.2
19486,2003,49.67,13.65,50,0,0,7,1,0.142857142857143
19486,2004,49.67,13.65,34,0,0,7,1,0.142857142857143
19486,2006,49.67,13.65,48,0,0,7,1,0.142857142857143
19486,2008,49.67,13.65,34,0,0,7,1,0.142857142857143
19486,2009,49.67,13.65,50,0,0,7,1,0.142857142857143
19486,2010,49.67,13.65,76,0,0,7,1,0.142857142857143
19486,2011,49.67,13.65,46,2,1,7,1,0.142857142857143
19487,2004,50.77,15.43,14,0,0,4,1,0.25
19487,2005,50.77,15.43,38,0,0,4,1,0.25
19487,2007,50.77,15.43,30,2,1,4,1,0.25
19487,2008,50.77,15.43,32,0,0,4,1,0.25
20313,2013,50.43,13.13,8,0,0,1,0,0
20449,1956,42.77,18.95,1,0,0,5,0,0
20449,1959,42.77,18.95,1,0,0,5,0,0
20449,1963,42.77,18.95,1,0,0,5,0,0
20449,1993,42.77,18.95,1,0,0,5,0,0
20449,2008,42.77,18.95,1,0,0,5,0,0
20450,2008,42.1,19.08,1,0,0,1,0,0
20451,1958,42.83,19.52,1,0,0,3,0,0
20451,1968,42.83,19.52,1,0,0,3,0,0
20451,1975,42.83,19.52,1,0,0,3,0,0
20452,1975,42.38,18.92,1,0,0,4,0,0
20452,1977,42.38,18.92,1,0,0,4,0,0
20452,1988,42.38,18.92,1,0,0,4,0,0
20452,1989,42.38,18.92,1,0,0,4,0,0
