"PEP_ID","year"
7173,2001
7155,2011
7156,2015
7160,2012
7160,2014
7163,2011
7163,2014
7164,2011
7164,2013
7165,2011
7165,2012
7167,1997
7167,1999
7169,2000
7170,1999
7172,2014
7173,2013
7173,2014
7173,2015
7173,2011
7173,2012
7174,2011
7174,2012
7174,2014
7175,1997
7175,2004
7175,2005
7175,2015
7177,1998
7178,2010
7178,1998
7178,2000
7178,2011
7178,2012
7178,2014
7178,2015
7179,2005
7180,1998
7180,2005
7180,2012
7180,2013
7180,2014
7183,1997
7183,1998
7183,2000
7183,2001
7183,2003
7183,2004
7183,2005
7186,1997
7186,1998
7186,2002
7187,2010
